Date,Settle,Volume
5/1/2019,10.255,45
4/30/2019,10.275,92
4/29/2019,10.315,840
4/26/2019,10.195,683
4/25/2019,10.16,507
4/24/2019,10.16,1434
4/23/2019,10.225,586
4/22/2019,10.45,590
4/18/2019,10.425,295
4/17/2019,10.48,473
4/16/2019,10.515,580
4/15/2019,10.555,578
4/12/2019,10.46,748
4/11/2019,10.285,710
4/10/2019,10.235,668
4/9/2019,10.29,950
4/8/2019,10.42,643
4/5/2019,10.515,603
4/4/2019,10.55,1116
4/3/2019,10.67,471
4/2/2019,10.795,551
4/1/2019,10.86,334
3/29/2019,10.85,570
3/28/2019,10.905,616
3/27/2019,11.145,682
3/26/2019,11.26,886
3/25/2019,11.165,1038
3/22/2019,11.21,1076
3/21/2019,11.085,1025
3/20/2019,10.94,770
3/19/2019,10.78,225
3/18/2019,10.715,292
3/15/2019,10.725,139
3/14/2019,10.575,3
3/13/2019,10.595,0
3/12/2019,10.485,0
3/11/2019,10.47,2
3/8/2019,10.59,0
3/7/2019,10.54,10
3/6/2019,10.625,2
3/5/2019,10.475,1
3/4/2019,10.44,3
3/1/2019,10.285,23
2/28/2019,10.395,24
2/27/2019,10.285,526
2/26/2019,10.365,1095
2/25/2019,10.1,352
2/22/2019,10.19,508
2/21/2019,10.21,445
2/20/2019,10.035,624
2/19/2019,9.865,811
2/15/2019,9.995,1357
2/14/2019,10.185,867
2/13/2019,10.26,1075
2/12/2019,10.25,672
2/11/2019,10.27,749
2/8/2019,10.365,572
2/7/2019,10.5,527
2/6/2019,10.575,915
2/5/2019,10.735,380
2/4/2019,10.68,202
2/1/2019,10.65,470
1/31/2019,10.61,746
1/30/2019,10.63,452
1/29/2019,10.725,293
1/28/2019,10.72,246
1/25/2019,10.67,231
1/24/2019,10.675,267
1/23/2019,10.76,270
1/22/2019,10.65,270
1/18/2019,10.625,159
1/17/2019,10.5,152
1/16/2019,10.465,155
1/15/2019,10.38,433
1/14/2019,10.43,9
1/11/2019,10.53,9
1/10/2019,10.595,0
1/9/2019,10.55,0
1/8/2019,10.49,0
1/7/2019,10.405,0
1/4/2019,10.225,0
1/3/2019,10.17,226
1/2/2019,10.085,1
12/31/2018,10.095,20
12/28/2018,10.055,792
12/27/2018,10.125,269
12/26/2018,10.31,403
12/24/2018,10.42,357
12/21/2018,10.55,313
12/20/2018,10.525,440
12/19/2018,10.5,648
12/18/2018,10.53,669
12/17/2018,10.555,480
12/14/2018,10.575,1283
12/13/2018,10.45,448
12/12/2018,10.55,892
12/11/2018,10.645,609
12/10/2018,10.665,891
12/7/2018,10.77,272
12/6/2018,10.83,412
12/5/2018,10.82,377
12/4/2018,10.975,477
12/3/2018,10.98,943
11/30/2018,10.885,494
11/29/2018,10.915,550
11/28/2018,10.82,218
11/27/2018,10.845,186
11/26/2018,10.75,162
11/23/2018,10.76,136
11/21/2018,10.785,82
11/20/2018,10.735,215
11/19/2018,10.77,162
11/16/2018,10.89,316
11/15/2018,10.74,360
11/14/2018,10.9,3
11/13/2018,10.875,6
11/12/2018,10.645,0
11/9/2018,10.595,6
11/8/2018,10.615,0
11/7/2018,10.7,1
11/6/2018,10.655,0
11/5/2018,10.755,0
11/2/2018,10.7,1
11/1/2018,10.635,11
10/31/2018,10.58,34
10/30/2018,10.44,312
10/29/2018,10.475,582
10/26/2018,10.73,784
10/25/2018,10.795,373
10/24/2018,10.855,249
10/23/2018,10.82,288
10/22/2018,10.835,240
10/19/2018,11.035,351
10/18/2018,10.96,779
10/17/2018,10.96,596
10/16/2018,10.885,998
10/15/2018,10.75,549
10/12/2018,10.685,714
10/11/2018,10.685,1224
10/10/2018,10.935,1022
10/9/2018,10.95,607
10/8/2018,10.875,530
10/5/2018,10.82,1205
10/4/2018,10.78,1316
10/3/2018,10.49,661
10/2/2018,10.265,597
10/1/2018,10.135,975
9/28/2018,9.78,558
9/27/2018,9.785,520
9/26/2018,9.785,689
9/25/2018,9.875,348
9/24/2018,9.83,396
9/21/2018,9.88,461
9/20/2018,9.875,753
9/19/2018,9.795,1100
9/18/2018,10.045,669
9/17/2018,10.3,482
9/14/2018,10.665,0
9/13/2018,10.665,0
9/12/2018,10.645,0
9/11/2018,10.645,0
9/10/2018,10.815,0
9/7/2018,10.845,0
9/6/2018,10.775,9
9/5/2018,10.705,231
9/4/2018,10.85,170
8/31/2018,10.83,193
8/30/2018,10.67,323
8/29/2018,10.81,303
8/28/2018,10.595,402
8/27/2018,10.51,521
8/24/2018,10.785,325
8/23/2018,10.8,311
8/22/2018,10.8,950
8/21/2018,10.54,581
8/20/2018,10.265,532
8/17/2018,10.35,299
8/16/2018,10.46,688
8/15/2018,10.325,1184
8/14/2018,10.195,1110
8/13/2018,10.305,774
8/10/2018,10.55,717
8/9/2018,10.74,933
8/8/2018,10.65,1089
8/7/2018,10.91,918
8/6/2018,11.275,418
8/3/2018,11.495,352
8/2/2018,11.63,737
8/1/2018,11.875,444
7/31/2018,11.915,364
7/30/2018,11.955,396
7/27/2018,12.005,261
7/26/2018,12,208
7/25/2018,12.045,148
7/24/2018,12.055,429
7/23/2018,11.99,252
7/20/2018,11.93,199
7/19/2018,11.865,200
7/18/2018,11.825,287
7/17/2018,12.01,277
7/16/2018,12.045,337
7/13/2018,11.815,26
7/12/2018,11.835,0
7/11/2018,11.81,0
7/10/2018,11.81,0
7/9/2018,12.15,11
7/6/2018,12.115,20
7/5/2018,12.235,0
7/3/2018,12,0
7/2/2018,11.795,71
6/29/2018,11.61,301
6/28/2018,11.42,184
6/27/2018,11.7,351
6/26/2018,12.505,520
6/25/2018,12.47,725
6/22/2018,12.6,650
6/21/2018,12.695,829
6/20/2018,12.65,570
6/19/2018,12.21,1318
6/18/2018,12.745,1209
6/15/2018,12.36,682
6/14/2018,12.305,854
6/13/2018,12.09,676
6/12/2018,11.925,808
6/11/2018,11.64,763
6/8/2018,11.18,196
6/7/2018,11.215,907
6/6/2018,11.555,1265
6/5/2018,10.945,942
6/4/2018,11.215,791
6/1/2018,11.445,733
5/31/2018,11.56,651
5/30/2018,11.66,785
5/29/2018,11.46,493
5/25/2018,11.565,944
5/24/2018,11.56,1374
5/23/2018,11.92,1157
5/22/2018,12.33,495
5/21/2018,12.23,464
5/18/2018,12.325,641
5/17/2018,12.5,212
5/16/2018,12.55,296
5/15/2018,12.485,344
5/14/2018,12.325,4
5/11/2018,12.485,10
5/10/2018,12.355,20
5/9/2018,12.45,12
5/8/2018,12.525,21
5/7/2018,12.53,14
5/4/2018,12.68,20
5/3/2018,12.745,0
5/2/2018,12.755,17
5/1/2018,12.635,2
4/30/2018,12.785,142
4/27/2018,12.81,204
4/26/2018,12.71,883
4/25/2018,13.105,531
4/24/2018,13.13,565
4/23/2018,13.065,774
4/20/2018,12.99,637
4/19/2018,13.08,435
4/18/2018,13.175,549
4/17/2018,13.155,624
4/16/2018,13.055,639
4/13/2018,13.11,910
4/12/2018,12.885,649
4/11/2018,12.805,545
4/10/2018,12.775,964
4/9/2018,12.82,1679
4/6/2018,12.495,524
4/5/2018,12.39,362
4/4/2018,12.42,274
4/3/2018,12.385,425
4/2/2018,12.31,457
3/29/2018,12.355,484
3/28/2018,12.445,447
3/27/2018,12.445,284
3/26/2018,12.46,274
3/23/2018,12.36,261
3/22/2018,12.325,259
3/21/2018,12.315,336
3/20/2018,12.205,182
3/19/2018,12.285,206
3/16/2018,12.46,237
3/15/2018,12.41,204
3/14/2018,12.1,0
3/13/2018,12.1,0
3/12/2018,12.135,0
3/9/2018,12.16,0
3/8/2018,12.26,0
3/7/2018,12.315,1
3/6/2018,12.31,44
3/5/2018,12.3,3
3/2/2018,12.265,128
3/1/2018,12.42,24
2/28/2018,12.39,166
2/27/2018,11.95,510
2/26/2018,11.89,1402
2/23/2018,11.965,559
2/22/2018,12.02,605
2/21/2018,11.96,439
2/20/2018,11.855,661
2/16/2018,12.015,626
2/15/2018,11.95,750
2/14/2018,12.25,395
2/13/2018,12.285,427
2/12/2018,12.39,595
2/9/2018,12.325,628
2/8/2018,12.445,394
2/7/2018,12.5,401
2/6/2018,12.55,270
2/5/2018,12.53,362
2/2/2018,12.46,515
2/1/2018,12.405,540
1/31/2018,12.44,823
1/30/2018,12.41,560
1/29/2018,12.435,876
1/26/2018,12.335,678
1/25/2018,12.14,400
1/24/2018,12.165,307
1/23/2018,12.2,348
1/22/2018,12.18,224
1/19/2018,12.205,372
1/18/2018,12.145,530
1/17/2018,12.15,713
1/16/2018,12.145,1159
1/12/2018,11.58,13
1/11/2018,11.52,10
1/10/2018,11.695,17
1/9/2018,11.71,9
1/8/2018,11.645,30
1/5/2018,11.565,4
1/4/2018,11.475,0
1/3/2018,11.41,15
1/2/2018,11.535,2
12/29/2017,11.68,175
12/28/2017,11.655,863
12/27/2017,11.79,648
12/26/2017,11.795,1279
12/22/2017,11.95,323
12/21/2017,11.995,531
12/20/2017,11.84,432
12/19/2017,11.715,828
12/18/2017,11.71,642
12/15/2017,11.705,723
12/14/2017,11.715,1156
12/13/2017,11.77,877
12/12/2017,12.26,553
12/11/2017,12.22,492
12/8/2017,12.065,457
12/7/2017,12.13,340
12/6/2017,12.185,246
12/5/2017,12.33,297
12/4/2017,12.18,684
12/1/2017,12.46,536
11/30/2017,12.53,828
11/29/2017,12.375,582
11/28/2017,12.305,476
11/27/2017,12.295,616
11/24/2017,12.42,309
11/22/2017,12.42,921
11/21/2017,12.34,560
11/20/2017,12.375,472
11/17/2017,12.285,509
11/16/2017,12.165,642
11/15/2017,12.085,1046
11/14/2017,11.24,16
11/13/2017,11.12,12
11/10/2017,11.165,12
11/9/2017,11.175,31
11/8/2017,11.14,35
11/7/2017,11.24,20
11/6/2017,11.24,26
11/3/2017,11.285,25
11/2/2017,11.15,24
11/1/2017,11.2,178
10/31/2017,11.29,459
10/30/2017,11.45,1807
10/27/2017,11.55,657
10/26/2017,11.49,738
10/25/2017,11.665,703
10/24/2017,11.605,932
10/23/2017,11.975,436
10/20/2017,12.075,665
10/19/2017,11.93,720
10/18/2017,11.945,411
10/17/2017,12.13,429
10/16/2017,12.12,767
10/13/2017,12.185,285
10/12/2017,12.25,985
10/11/2017,12.035,491
10/10/2017,12.02,890
10/9/2017,11.84,328
10/6/2017,11.885,505
10/5/2017,11.915,534
10/4/2017,12.03,524
10/3/2017,12.015,266
10/2/2017,12.02,359
9/29/2017,11.995,464
9/28/2017,11.97,562
9/27/2017,11.9,1163
9/26/2017,11.97,717
9/25/2017,12.02,1625
9/22/2017,12.365,713
9/21/2017,12.71,180
9/20/2017,12.805,235
9/19/2017,12.78,318
9/18/2017,12.885,197
9/15/2017,12.805,162
9/14/2017,12.525,8
9/13/2017,12.64,114
9/12/2017,12.695,26
9/11/2017,12.4,28
9/8/2017,12.455,49
9/7/2017,12.425,77
9/6/2017,12.455,176
9/5/2017,12.495,121
9/1/2017,12.665,100
8/31/2017,12.55,408
8/30/2017,12.395,887
8/29/2017,12.285,1122
8/28/2017,12.33,1075
8/25/2017,12.395,659
8/24/2017,12.37,768
8/23/2017,12.3,775
8/22/2017,12.205,669
8/21/2017,12.185,794
8/18/2017,12.145,486
8/17/2017,12.12,418
8/16/2017,12.185,871
8/15/2017,12.245,379
8/14/2017,12.34,397
8/11/2017,12.495,618
8/10/2017,12.25,600
8/9/2017,12.31,635
8/8/2017,12.145,330
8/7/2017,12.045,610
8/4/2017,12.33,522
8/3/2017,12.385,389
8/2/2017,12.49,450
8/1/2017,12.37,566
7/31/2017,12.26,693
7/28/2017,12.415,465
7/27/2017,12.315,323
7/26/2017,12.275,298
7/25/2017,12.3,696
7/24/2017,12.14,286
7/21/2017,11.985,268
7/20/2017,12,292
7/19/2017,11.865,186
7/18/2017,11.865,120
7/17/2017,11.84,165
7/14/2017,11.415,4
7/13/2017,11.5,9
7/12/2017,11.575,45
7/11/2017,11.815,30
7/10/2017,11.755,1
7/7/2017,11.72,27
7/6/2017,11.645,38
7/5/2017,11.61,70
7/3/2017,11.515,23
6/30/2017,11.505,543
6/29/2017,11.59,831
6/28/2017,11.425,448
6/27/2017,11.29,1004
6/26/2017,11.18,659
6/23/2017,11.255,700
6/22/2017,11.105,423
6/21/2017,11.175,266
6/20/2017,11.37,436
6/19/2017,11.52,856
6/16/2017,11.4,685
6/15/2017,11.475,1034
6/14/2017,11.03,520
6/13/2017,11.255,1023
6/12/2017,11.3,286
6/9/2017,11.32,804
6/8/2017,11.23,378
6/7/2017,11.23,282
6/6/2017,11.095,437
6/5/2017,11.045,427
6/2/2017,11.12,940
6/1/2017,11.05,628
5/31/2017,11.13,563
5/30/2017,11.185,671
5/26/2017,10.975,231
5/25/2017,10.93,353
5/24/2017,11.055,597
5/23/2017,10.91,513
5/22/2017,11.055,669
5/19/2017,10.83,631
5/18/2017,10.885,646
5/17/2017,10.91,1094
5/16/2017,10.625,508
5/15/2017,10.63,707
5/12/2017,10.23,4
5/11/2017,10.415,60
5/10/2017,10.055,20
5/9/2017,9.645,19
5/8/2017,9.7,1
5/5/2017,9.62,6
5/4/2017,9.65,45
5/3/2017,9.635,9
5/2/2017,9.33,15
5/1/2017,9.355,41
4/28/2017,9.13,116
4/27/2017,9.135,1047
4/26/2017,9.145,975
4/25/2017,9.295,1218
4/24/2017,9.605,1522
4/21/2017,9.77,1533
4/20/2017,9.85,703
4/19/2017,10.05,859
4/18/2017,10.05,1062
4/17/2017,10.1,619
4/13/2017,10.17,698
4/12/2017,10.18,1125
4/11/2017,10.265,761
4/10/2017,10.265,520
4/7/2017,10.23,518
4/6/2017,10.18,856
4/5/2017,10.175,582
4/4/2017,10.07,957
4/3/2017,10.07,1311
3/31/2017,9.895,813
3/30/2017,9.845,690
3/29/2017,9.865,293
3/28/2017,9.755,392
3/27/2017,9.805,672
3/24/2017,9.78,335
3/23/2017,9.85,284
3/22/2017,9.78,295
3/21/2017,9.77,343
3/20/2017,9.855,583
3/17/2017,9.915,782
3/16/2017,9.83,320
3/15/2017,9.675,260
3/14/2017,9.55,38
3/13/2017,9.62,7
3/10/2017,9.465,7
3/9/2017,9.465,41
3/8/2017,9.385,1
3/7/2017,9.275,8
3/6/2017,9.325,0
3/3/2017,9.325,1
3/2/2017,9.355,84
3/1/2017,9.38,73
2/28/2017,9.285,112
2/27/2017,9.355,1569
2/24/2017,9.425,1294
2/23/2017,9.47,1255
2/22/2017,9.46,2612
2/21/2017,9.43,1911
2/17/2017,9.335,1304
2/16/2017,9.34,1163
2/15/2017,9.39,996
2/14/2017,9.435,679
2/13/2017,9.485,539
2/10/2017,9.565,839
2/9/2017,9.475,946
2/8/2017,9.555,730
2/7/2017,9.425,608
2/6/2017,9.485,277
2/3/2017,9.545,229
2/2/2017,9.535,408
2/1/2017,9.53,503
1/31/2017,9.535,1098
1/30/2017,9.765,476
1/27/2017,9.81,411
1/26/2017,9.75,256
1/25/2017,9.84,360
1/24/2017,9.93,621
1/23/2017,9.8,183
1/20/2017,9.82,115
1/19/2017,9.835,304
1/18/2017,9.92,325
1/17/2017,9.95,707
1/13/2017,9.65,19
1/12/2017,9.77,35
1/11/2017,9.39,4
1/10/2017,9.455,22
1/9/2017,9.46,15
1/6/2017,9.44,2
1/5/2017,9.51,20
1/4/2017,9.495,42
1/3/2017,9.365,56
12/30/2016,9.355,124
12/29/2016,9.24,1124
12/28/2016,9.25,848
12/27/2016,9.3,1224
12/23/2016,9.21,412
12/22/2016,9.285,979
12/21/2016,9.365,776
12/20/2016,9.46,1285
12/19/2016,9.475,1037
12/16/2016,9.48,1219
12/15/2016,9.465,1460
12/14/2016,9.705,1427
12/13/2016,9.785,860
12/12/2016,9.855,462
12/9/2016,9.92,1010
12/8/2016,9.77,380
12/7/2016,9.93,706
12/6/2016,9.96,476
12/5/2016,9.985,882
12/2/2016,9.625,351
12/1/2016,9.72,636
11/30/2016,9.705,506
11/29/2016,9.535,501
11/28/2016,9.585,256
11/25/2016,9.625,197
11/23/2016,9.535,274
11/22/2016,9.56,371
11/21/2016,9.81,330
11/18/2016,9.635,278
11/17/2016,9.51,583
11/16/2016,9.695,469
11/15/2016,9.39,484
11/14/2016,9.125,22
11/11/2016,9.485,130
11/10/2016,9.59,80
11/9/2016,9.47,3
11/8/2016,9.515,28
11/7/2016,9.58,18
11/4/2016,9.64,154
11/3/2016,9.545,65
11/2/2016,9.445,202
11/1/2016,9.605,199
10/31/2016,9.855,221
10/28/2016,9.87,1688
10/27/2016,10.145,1095
10/26/2016,9.995,1066
10/25/2016,9.835,954
10/24/2016,9.85,1424
10/21/2016,10.29,1310
10/20/2016,10.325,1148
10/19/2016,10.405,953
10/18/2016,10.42,1023
10/17/2016,10.405,1098
10/14/2016,10.16,812
10/13/2016,10.23,663
10/12/2016,10.18,1050
10/11/2016,10.395,917
10/10/2016,10.235,356
10/7/2016,10.095,274
10/6/2016,10.11,253
10/5/2016,10.04,260
10/4/2016,10.095,488
10/3/2016,10.065,959
9/30/2016,9.885,444
9/29/2016,9.77,471
9/28/2016,9.74,395
9/27/2016,9.78,211
9/26/2016,9.675,249
9/23/2016,9.65,202
9/22/2016,9.66,179
9/21/2016,9.675,325
9/20/2016,9.895,283
9/19/2016,9.76,162
9/16/2016,9.815,162
9/15/2016,9.79,293
9/14/2016,9.58,276
9/13/2016,9.38,40
9/12/2016,9.505,134
9/9/2016,9.29,0
9/8/2016,9.305,337
9/7/2016,9.335,2
9/6/2016,9.385,0
9/2/2016,9.56,29
9/1/2016,9.205,36
8/31/2016,9.195,164
8/30/2016,9.28,1005
8/29/2016,9.47,376
8/26/2016,9.73,598
8/25/2016,9.785,418
8/24/2016,10.08,823
8/23/2016,10.305,552
8/22/2016,10.475,752
8/19/2016,10.255,859
8/18/2016,10.22,1199
8/17/2016,10.225,870
8/16/2016,10.435,1235
8/15/2016,10.245,1249
8/12/2016,9.655,553
8/11/2016,9.315,842
8/10/2016,9.52,472
8/9/2016,9.7,654
8/8/2016,9.66,790
8/5/2016,9.305,377
8/4/2016,9.325,919
8/3/2016,9.545,330
8/2/2016,9.565,715
8/1/2016,9.685,824
7/29/2016,9.94,687
7/28/2016,9.77,632
7/27/2016,9.825,1097
7/26/2016,10.025,696
7/25/2016,10.36,251
7/22/2016,10.405,396
7/21/2016,10.61,249
7/20/2016,10.81,215
7/19/2016,10.785,196
7/18/2016,10.76,250
7/15/2016,10.52,186
7/14/2016,10.375,1
7/13/2016,10.485,0
7/12/2016,10.735,0
7/11/2016,10.75,0
7/8/2016,10.69,0
7/7/2016,10.97,0
7/6/2016,10.565,0
7/5/2016,10.285,41
7/1/2016,10.365,42
6/30/2016,10.505,104
6/29/2016,10.645,616
6/28/2016,10.675,577
6/27/2016,10.845,548
6/24/2016,10.76,740
6/23/2016,10.81,788
6/22/2016,10.985,1232
6/21/2016,11.03,617
6/20/2016,11.105,554
6/17/2016,11.295,598
6/16/2016,11.31,549
6/15/2016,11.615,838
6/14/2016,11.295,1168
6/13/2016,11.315,325
6/10/2016,11.355,397
6/9/2016,11.32,1399
6/8/2016,11.53,630
6/7/2016,11.74,1006
6/6/2016,11.705,1166
6/3/2016,11.37,853
6/2/2016,11.37,1104
6/1/2016,10.995,718
5/31/2016,10.94,761
5/27/2016,10.765,1087
5/26/2016,11.06,589
5/25/2016,11.235,719
5/24/2016,11.57,487
5/23/2016,11.615,403
5/20/2016,11.77,400
5/19/2016,11.845,431
5/18/2016,12.145,592
5/17/2016,12.11,764
5/16/2016,11.93,742
5/13/2016,11.485,1
5/12/2016,11.595,3
5/11/2016,11.265,1
5/10/2016,11.17,0
5/9/2016,10.99,6
5/6/2016,11.21,7
5/5/2016,11.12,3
5/4/2016,11.175,44
5/3/2016,11.17,34
5/2/2016,11.06,61
4/29/2016,10.84,175
4/28/2016,10.735,907
4/27/2016,10.835,1560
4/26/2016,10.95,1021
4/25/2016,10.835,1361
4/22/2016,10.49,1679
4/21/2016,10.665,1028
4/20/2016,10.65,1110
4/19/2016,10.36,750
4/18/2016,10.26,1058
4/15/2016,10.315,1249
4/14/2016,10.22,1966
4/13/2016,9.89,471
4/12/2016,9.785,911
4/11/2016,9.845,617
4/8/2016,9.95,875
4/7/2016,9.85,223
4/6/2016,9.745,283
4/5/2016,9.79,793
4/4/2016,9.8,405
4/1/2016,9.755,1153
3/31/2016,9.69,1736
3/30/2016,10.03,804
3/29/2016,10.065,656
3/28/2016,10.19,129
3/24/2016,10.265,550
3/23/2016,10.305,305
3/22/2016,10.405,197
3/21/2016,10.375,220
3/18/2016,10.45,307
3/17/2016,10.545,609
3/16/2016,10.485,405
3/15/2016,10.37,264
3/14/2016,10.45,331
3/11/2016,10.095,8
3/10/2016,10.105,19
3/9/2016,10.14,1
3/8/2016,10.295,2
3/7/2016,10.455,15
3/4/2016,10.265,16
3/3/2016,10.26,165
3/2/2016,10.24,43
3/1/2016,10.37,93
2/29/2016,10.495,210
2/26/2016,10.39,1908
2/25/2016,10.435,1369
2/24/2016,10.66,1290
2/23/2016,10.595,1479
2/22/2016,10.705,1565
2/19/2016,11.02,909
2/18/2016,10.86,481
2/17/2016,11.04,627
2/16/2016,10.84,1181
2/12/2016,10.765,691
2/11/2016,11.015,536
2/10/2016,11.13,1050
2/9/2016,10.76,705
2/8/2016,10.92,449
2/5/2016,11.12,412
2/4/2016,11.05,333
2/3/2016,11.135,224
2/2/2016,11.175,498
2/1/2016,11.005,760
1/29/2016,11.35,654
1/28/2016,11.31,601
1/27/2016,11.265,326
1/26/2016,11.075,381
1/25/2016,11.01,287
1/22/2016,10.96,320
1/21/2016,10.98,369
1/20/2016,10.84,523
1/19/2016,10.875,505
1/15/2016,10.665,549
1/14/2016,10.88,1356
1/13/2016,11.075,6
1/12/2016,11.49,74
1/11/2016,11.54,30
1/8/2016,11.615,16
1/7/2016,11.385,70
1/6/2016,11.575,35
1/5/2016,11.67,71
1/4/2016,11.51,180
12/31/2015,11.565,272
12/30/2015,11.54,1089
12/29/2015,11.665,1032
12/28/2015,11.06,1241
12/24/2015,10.82,158
12/23/2015,10.9,854
12/22/2015,10.835,925
12/21/2015,10.95,1103
12/18/2015,11.08,576
12/17/2015,11.11,733
12/16/2015,10.955,857
12/15/2015,10.9,587
12/14/2015,10.985,850
12/11/2015,11.055,364
12/10/2015,11.11,700
12/9/2015,11.005,543
12/8/2015,10.97,603
12/7/2015,10.875,1665
12/4/2015,11.18,500
12/3/2015,11.235,1145
12/2/2015,11.395,899
12/1/2015,11.715,0
11/30/2015,11.905,1028
11/27/2015,11.955,290
11/25/2015,12.13,210
11/24/2015,12.19,578
11/23/2015,12.105,232
11/20/2015,12.13,294
11/19/2015,11.845,893
11/18/2015,11.84,292
11/17/2015,12.065,642
11/16/2015,11.84,499
11/13/2015,12.145,686
11/12/2015,12.11,12
11/11/2015,11.635,4
11/10/2015,11.635,26
11/9/2015,11.795,47
11/6/2015,12.185,10
11/5/2015,12.19,95
11/4/2015,12.17,298
11/3/2015,11.895,206
11/2/2015,11.885,269
10/30/2015,11.61,398
10/29/2015,11.535,1069
10/28/2015,11.4,561
10/27/2015,11.6,1147
10/26/2015,11.655,814
10/23/2015,11.855,1251
10/22/2015,12.135,1490
10/21/2015,12.26,894
10/20/2015,12.175,487
10/19/2015,12.105,791
10/16/2015,12.11,592
10/15/2015,12.28,1129
10/14/2015,12.145,2393
10/13/2015,12.595,1330
10/12/2015,12.885,514
10/9/2015,12.995,952
10/8/2015,12.99,937
10/7/2015,13.325,386
10/6/2015,13.365,364
10/5/2015,13.4,1163
10/2/2015,13.25,397
10/1/2015,13.3,772
9/30/2015,13.2,1121
9/29/2015,13.325,585
9/28/2015,13.34,316
9/25/2015,13.27,874
9/24/2015,13.015,449
9/23/2015,12.91,263
9/22/2015,12.745,311
9/21/2015,12.805,196
9/18/2015,12.95,265
9/17/2015,12.895,381
9/16/2015,12.865,475
9/15/2015,12.97,349
9/14/2015,12.995,728
9/11/2015,12.6,25
9/10/2015,12.435,78
9/9/2015,12.215,71
9/8/2015,12.01,47
9/4/2015,11.85,0
9/3/2015,11.795,77
9/2/2015,11.69,603
9/1/2015,11.595,484
8/31/2015,11.88,776
8/28/2015,11.59,828
8/27/2015,11.3,750
8/26/2015,11.31,861
8/25/2015,11.345,1223
8/24/2015,11.395,956
8/21/2015,11.65,946
8/20/2015,11.635,619
8/19/2015,11.9,467
8/18/2015,11.84,490
8/17/2015,11.995,409
8/14/2015,11.82,461
8/13/2015,11.9,536
8/12/2015,11.71,795
8/11/2015,11.79,3001
8/10/2015,11.86,1052
8/7/2015,11.43,292
8/6/2015,11.44,810
8/5/2015,11.54,285
8/4/2015,11.455,1146
8/3/2015,11.395,794
7/31/2015,11.515,944
7/30/2015,11.435,1230
7/29/2015,11.2,491
7/28/2015,10.98,323
7/27/2015,10.96,504
7/24/2015,11.045,450
7/23/2015,11.11,442
7/22/2015,11.12,527
7/21/2015,11.005,474
7/20/2015,10.89,415
7/17/2015,10.92,595
7/16/2015,10.96,434
7/15/2015,11.06,247
7/14/2015,11.08,664
7/10/2015,10.855,49
7/9/2015,10.815,35
7/8/2015,10.765,123
7/7/2015,10.645,148
7/6/2015,10.565,190
7/2/2015,10.38,161
7/1/2015,10.355,276
6/30/2015,10.165,650
6/29/2015,9.79,1242
6/26/2015,9.96,966
6/25/2015,10.045,759
6/24/2015,10.125,770
6/23/2015,9.835,696
6/22/2015,9.845,608
6/19/2015,9.72,704
6/18/2015,9.815,820
6/17/2015,9.73,1084
6/16/2015,9.8,936
6/15/2015,9.775,1001
6/12/2015,9.68,501
6/11/2015,9.795,644
6/10/2015,9.87,605
6/9/2015,9.98,534
6/8/2015,9.945,312
6/5/2015,9.805,474
6/4/2015,9.925,307
6/3/2015,9.865,495
6/2/2015,9.775,394
6/1/2015,9.65,566
5/29/2015,9.51,730
5/28/2015,9.51,1164
5/27/2015,9.43,415
5/26/2015,9.42,312
5/22/2015,9.43,337
5/21/2015,9.615,229
5/20/2015,9.57,238
5/19/2015,9.65,208
5/18/2015,9.795,336
5/15/2015,9.575,332
5/14/2015,9.635,364
5/13/2015,9.22,13
5/12/2015,9.22,12
5/11/2015,9.38,25
5/8/2015,9.505,0
5/7/2015,9.465,75
5/6/2015,9.545,29
5/5/2015,9.72,13
5/4/2015,9.85,109
5/1/2015,9.95,363
4/30/2015,10.03,295
4/29/2015,10.16,1275
4/28/2015,9.965,764
4/27/2015,9.855,814
4/24/2015,9.98,689
4/23/2015,10.06,846
4/22/2015,10.155,749
4/21/2015,9.98,1608
4/20/2015,9.775,527
4/17/2015,9.905,1331
4/16/2015,9.965,927
4/15/2015,10.095,651
4/14/2015,10.21,1120
4/13/2015,10.105,524
4/10/2015,10.26,1225
4/9/2015,10.4,1196
4/8/2015,10.575,874
4/7/2015,10.68,1322
4/6/2015,10.825,156
4/2/2015,10.865,322
4/1/2015,10.78,564
3/31/2015,10.875,877
3/30/2015,11.12,596
3/27/2015,10.99,266
3/26/2015,11.11,256
3/25/2015,10.96,408
3/24/2015,11.125,655
3/23/2015,11.03,345
3/20/2015,10.92,204
3/19/2015,10.925,544
3/18/2015,11.045,603
3/17/2015,10.625,196
3/16/2015,10.525,359
3/13/2015,10.58,223
3/12/2015,10.47,85
3/11/2015,10.505,42
3/10/2015,10.29,13
3/9/2015,10.305,65
3/6/2015,10.235,52
3/5/2015,10.35,101
3/4/2015,10.465,117
3/3/2015,10.36,118
3/2/2015,10.535,104
2/27/2015,10.47,294
2/26/2015,10.385,842
2/25/2015,10.495,804
2/24/2015,10.445,691
2/23/2015,10.465,450
2/20/2015,10.79,840
2/19/2015,10.8,1008
2/18/2015,10.87,1384
2/17/2015,10.68,1223
2/13/2015,10.525,836
2/12/2015,10.33,558
2/11/2015,10.38,903
2/10/2015,10.235,1124
2/9/2015,10.435,324
2/6/2015,10.74,625
2/5/2015,10.45,243
2/4/2015,10.25,468
2/3/2015,10.385,533
2/2/2015,10.305,1236
1/30/2015,10.57,1029
1/29/2015,10.86,1506
1/27/2015,10.97,396
1/26/2015,10.885,388
1/23/2015,11.01,459
1/22/2015,11.16,607
1/21/2015,11.37,193
1/20/2015,11.265,233
1/16/2015,11.325,124
1/15/2015,11.33,314
