,EUR/USD Close
0,1.1729
1,1.1825
2,1.1776
3,1.16
4,1.1713
5,1.1595
6,1.1491
7,1.1551
8,1.1653
9,1.1709
10,1.159
11,1.1605
12,1.161
13,1.1553
14,1.16
15,1.1587
16,1.1555
17,1.1561
18,1.1432
19,1.1421
20,1.1367
21,1.1312
22,1.1348
23,1.1319
24,1.1335
25,1.1265
26,1.1325
27,1.1289
28,1.1345
29,1.1233
30,1.128
31,1.123
32,1.1201
33,1.1237
34,1.1203
35,1.1063
36,1.1036
37,1.1005
38,1.0986
39,1.1044
40,1.1016
41,1.0886
42,1.0918
43,1.0889
44,1.082
45,1.0826
46,1.0883
47,1.0889
48,1.0952
49,1.1032
50,1.0904
51,1.0937
52,1.1
53,1.1004
54,1.0971
55,1.0886
56,1.0915
57,1.091
58,1.0892
59,1.0906
60,1.0767
61,1.0739
62,1.0717
63,1.0757
64,1.0789
65,1.0782
66,1.0711
67,1.0842
68,1.0774
69,1.0744
70,1.0802
71,1.0823
72,1.0769
73,1.0797
74,1.0703
75,1.07
76,1.0633
77,1.0627
78,1.0619
79,1.0616
80,1.0612
81,1.0586
82,1.0665
83,1.0623
84,1.0591
85,1.0584
86,1.0577
87,1.0633
88,1.0744
89,1.0815
90,1.075
91,1.08
92,1.0715
93,1.0649
94,1.0666
95,1.0652
96,1.0669
97,1.0686
98,1.0659
99,1.0631
100,1.0579
101,1.0592
102,1.0593
103,1.0468
104,1.0441
105,1.0401
106,1.042
107,1.0448
108,1.0348
109,1.0325
110,1.0373
111,1.0284
112,1.0458
113,1.0471
114,1.0482
115,1.0542
116,1.0422
117,1.0422
118,1.0313
119,1.0342
120,1.0387
121,1.0348
122,1.0323
123,1.0328
124,1.0408
125,1.0431
126,1.0361
127,1.0335
128,1.034
129,1.0233
130,1.0245
131,1.0225
132,1.0234
133,1.0227
134,1.021
135,1.0174
136,1.0156
137,1.0173
138,1.0212
139,1.0207
140,1.0196
141,1.0301
142,1.0413
143,1.0523
144,1.0523
145,1.0514
146,1.0661
147,1.0621
148,1.0662
149,1.0726
150,1.0707
151,1.0689
152,1.0686
153,1.0775
154,1.0758
155,1.0759
156,1.0706
157,1.071
158,1.0657
159,1.0666
160,1.0567
161,1.0568
162,1.0513
163,1.0528
164,1.0633
165,1.0669
166,1.0502
167,1.0531
168,1.0424
169,1.0448
170,1.0459
171,1.0461
172,1.0577
173,1.0594
174,1.069
175,1.0615
176,1.058
177,1.0590000000000002
178,1.0594
179,1.0537
180,1.0357
181,1.0414
182,1.0355
183,1.0396
184,1.0406
185,1.0413
186,1.0385
187,1.0485
188,1.0446
189,1.0439
190,1.0452
191,1.0474
192,1.0547
193,1.0638
194,1.067
195,1.0739
196,1.0739
197,1.0753
198,1.0691
199,1.0718
200,1.0613
201,1.064
202,1.0759
203,1.0789
204,1.079
205,1.0896
206,1.0841
207,1.0839
208,1.0742
209,1.082
210,1.0669
211,1.0662
212,1.0585
213,1.05
214,1.0522
215,1.0542
216,1.0507
217,1.0519
218,1.048
219,1.0359
220,1.042
221,1.0387
222,1.0394
223,1.0444
224,1.042
225,1.0319
226,1.0317
227,1.0325
228,1.0407
229,1.0293
230,1.031
231,1.0315
232,1.0271
233,1.0190000000000001
234,1.0190000000000001
235,1.0164
236,1.0103
237,1.0086
238,1.0087
239,1.0026
240,1.0024
241,1.0224
242,1.0247
243,1.0274
244,1.0213
245,1.012
246,1.014
247,1.0055
248,1.0070000000000001
249,1.0167
250,1.008
251,1.0116
252,1.0086
253,1.0088
254,1.0147
255,1.013
256,1.0126
257,1.0059
258,1.0054
259,1.0087
260,1.0107
261,1.0276
262,1.0299
263,1.0317
264,1.0299
265,1.0283
266,1.0256
267,1.0326
268,1.0312
269,1.0257
270,1.0142
271,1.0118
272,1.0122
273,1.0123
274,1.0167
275,1.0098
276,1.0043
277,1.0017
278,1.0013
279,0.9877
280,0.9773
281,0.9695
282,0.9732
283,0.9756
284,0.9901
285,0.9825
286,0.9802
287,0.9857
288,0.9922
289,0.9862
290,0.987
291,0.9813
292,0.9813
293,0.9865
294,0.9886
295,0.9847
296,0.987
297,1.005
298,1.0029
299,0.9943
300,0.9742
301,0.9728
302,0.9664
303,0.9743
304,0.9662
305,0.9617
306,0.9591
307,0.9570000000000001
308,0.9613
309,0.9678
310,0.963
311,0.9646
312,0.9672
313,0.968
314,0.9715
315,0.9726
316,0.9733
317,0.9644
318,0.9602
319,0.972
320,0.9751
321,0.9655
322,0.9614
323,0.9507
324,0.9611
325,0.9557
326,0.9581
327,0.9637
328,0.9628
329,0.9602
330,0.9547
331,0.9615
332,0.9589
333,0.9562
334,0.9541
335,0.9596
336,0.9535
337,0.9474
338,0.9397
339,0.9375
340,0.938
341,0.9395
342,0.92
343,0.9235
344,0.9107
345,0.9093
346,0.9166
347,0.9075
348,0.895
349,0.8902
350,0.8985
351,0.8917
352,0.9067
353,0.909
354,0.8992
355,0.9185
356,0.9123
357,0.9034
358,0.8952
359,0.8934
360,0.8991
361,0.9048
362,0.9059
363,0.9069
364,0.9124
365,0.9314
366,0.9265
367,0.9318
368,0.9358
369,0.9327
370,0.9421
371,0.9485
372,0.9548
373,0.9621
374,0.9567
375,0.9537
376,0.9535
377,0.9606
378,0.9605
379,0.9535
380,0.9654
381,0.9591
382,0.9579
383,0.945
384,0.9379
385,0.9362
386,0.9382
387,0.9466
388,0.9431
389,0.9521
390,0.9536
391,0.9507
392,0.9520000000000001
393,0.9535
394,0.9506
395,0.9468
396,0.9545
397,0.9519
398,0.9419
399,0.9363
400,0.9377
401,0.9356
402,0.9264
403,0.9232
404,0.9328
405,0.937
406,0.9327
407,0.938
408,0.9416
409,0.9323
410,0.9234
411,0.9269
412,0.9145
413,0.912
414,0.907
415,0.9079
416,0.9084
417,0.9018
418,0.8986
419,0.9077
420,0.9033
421,0.9052
422,0.9132
423,0.9157
424,0.9173
425,0.9068
426,0.9018
427,0.8974
428,0.9002
429,0.9023
430,0.9027
431,0.9001
432,0.8924
433,0.8926
434,0.8878
435,0.8997
436,0.8985
437,0.8888
438,0.8703
439,0.8736
440,0.8695
441,0.8586
442,0.8627
443,0.8613
444,0.8647
445,0.8556
446,0.8539
447,0.8515
448,0.8478
449,0.8581
450,0.8789
451,0.8726
452,0.8822
453,0.8834
454,0.8817
455,0.8821
456,0.8784
457,0.8741
458,0.8746
459,0.8691
460,0.868
461,0.868
462,0.8714
463,0.8688
464,0.8626
465,0.8537
466,0.8496
467,0.8554
468,0.8382
469,0.8435
470,0.8419
471,0.8355
472,0.8371
473,0.8276
474,0.8290000000000001
475,0.8399
476,0.8425
477,0.8490000000000001
478,0.8609
479,0.8604
480,0.8652
481,0.8606
482,0.8614
483,0.855
484,0.8658
485,0.8614
486,0.8605
487,0.8569
488,0.8578
489,0.8521
490,0.8475
491,0.8493
492,0.8433
493,0.8446
494,0.8390000000000001
495,0.84
496,0.8519
497,0.8565
498,0.8581
499,0.872
500,0.8783
501,0.8874
502,0.8806
503,0.8909
504,0.8888
505,0.8831
506,0.8774
507,0.8803
508,0.8758
509,0.8892
510,0.8958
511,0.8937
512,0.8933
513,0.9079
514,0.914
515,0.9235
516,0.9235
517,0.932
518,0.9304
519,0.9286
520,0.9398
521,0.9398
522,0.9488
523,0.9291
524,0.9503
525,0.9575
526,0.9506
527,0.9441
528,0.9390000000000001
529,0.9517
530,0.9504
531,0.9425
532,0.9413
533,0.9344
534,0.9444
535,0.9342
536,0.9381
537,0.9389
538,0.9234
539,0.9214
540,0.924
541,0.9184
542,0.927
543,0.9365
544,0.9420000000000001
545,0.9348
546,0.9389
547,0.93
548,0.9308
549,0.9178
550,0.9263
551,0.9313
552,0.9205
553,0.919
554,0.9034
555,0.9162
556,0.9215
557,0.9097
558,0.9083
559,0.9051
560,0.919
561,0.9115
562,0.917
563,0.9233
564,0.9319
565,0.9342
566,0.93
567,0.9335
568,0.9287
569,0.9317
570,0.9324
571,0.9279
572,0.9142
573,0.9097
574,0.9007
575,0.8956
576,0.8985
577,0.9086
578,0.8957
579,0.8879
580,0.889
581,0.8959999999999999
582,0.8931
583,0.8863
584,0.8826
585,0.879
586,0.8799
587,0.8962
588,0.9023
589,0.8966
590,0.9027
591,0.8981
592,0.8881
593,0.887
594,0.8917
595,0.8909999999999999
596,0.8862
597,0.8819
598,0.8846
599,0.894
600,0.9039
601,0.8972
602,0.8942
603,0.8965
604,0.9039
605,0.8913
606,0.8883
607,0.8921
608,0.8932
609,0.89
610,0.8946
611,0.8904
612,0.8835
613,0.8849
614,0.8819
615,0.8762
616,0.8744
617,0.8782
618,0.8743
619,0.8829
620,0.8796
621,0.8769
622,0.8652
623,0.8552
624,0.8566
625,0.8582
626,0.8595
627,0.8561
628,0.8569
629,0.8562
630,0.8476
631,0.846
632,0.8525
633,0.8478
634,0.8505
635,0.8512
636,0.8438
637,0.852
638,0.8531
639,0.8629
640,0.8615
641,0.8611
642,0.8540000000000001
643,0.8545
644,0.8552
645,0.856
646,0.8605
647,0.8633
648,0.8608
649,0.8443
650,0.8494
651,0.8463
652,0.848
653,0.846
654,0.8365
655,0.8473
656,0.8477
657,0.8548
658,0.8594
659,0.8535
660,0.8539
661,0.8551
662,0.8589
663,0.8723
664,0.8715
665,0.8715
666,0.8687
667,0.8751
668,0.8803
669,0.8782
670,0.8763
671,0.8749
672,0.8751
673,0.8811
674,0.883
675,0.8842
676,0.8818
677,0.8771
678,0.8806
679,0.8925
680,0.8936
681,0.8977
682,0.9027
683,0.9125
684,0.9142
685,0.9174
686,0.9137
687,0.9129999999999999
688,0.9146
689,0.9154
690,0.9129999999999999
691,0.9116
692,0.9111
693,0.9104
694,0.9173
695,0.9097
696,0.9077
697,0.8858
698,0.8864
699,0.8947
700,0.9053
701,0.9001
702,0.915
703,0.907
704,0.9121
705,0.9218
706,0.9258
707,0.9251
708,0.93
709,0.9257
710,0.9132
711,0.9163
712,0.9229
713,0.9234
714,0.9174
715,0.9101
716,0.9169
717,0.9188
718,0.9129999999999999
719,0.9156
720,0.917
721,0.92
722,0.9135
723,0.9106
724,0.9033
725,0.9091
726,0.9083
727,0.9086
728,0.903
729,0.9042
730,0.8991
731,0.8925
732,0.8906
733,0.8934
734,0.8938
735,0.8919
736,0.9035
737,0.9049
738,0.9
739,0.9037
740,0.9024
741,0.8975
742,0.8973
743,0.8954
744,0.8939
745,0.8935
746,0.895
747,0.8813
748,0.8832
749,0.8814
750,0.8846
751,0.8796
752,0.8828
753,0.8782
754,0.878
755,0.8784
756,0.8804
757,0.8822
758,0.8877
759,0.8888
760,0.8959999999999999
761,0.8919
762,0.8901
763,0.8869
764,0.8951
765,0.8897
766,0.8897
767,0.8916
768,0.8982
769,0.8935
770,0.9041
771,0.9026
772,0.9028
773,0.9001
774,0.9
775,0.887
776,0.8767
777,0.879
778,0.8786
779,0.8829
780,0.8839
781,0.8904
782,0.8904
783,0.9039
784,0.8999
785,0.8953
786,0.8933
787,0.8925
788,0.8907
789,0.8917
790,0.8922
791,0.8943
792,0.8844
793,0.8827
794,0.8815
795,0.8847
796,0.8835
797,0.8858
798,0.8776
799,0.8767
800,0.8648
801,0.8613
802,0.8647
803,0.8616
804,0.8588
805,0.8619
806,0.8701
807,0.8674
808,0.8687
809,0.871
810,0.8724
811,0.8766
812,0.8763
813,0.8713
814,0.8737
815,0.8727
816,0.871
817,0.8759
818,0.8703
819,0.8687
820,0.8757
821,0.8689
822,0.8638
823,0.8656
824,0.8688
825,0.8651
826,0.8693
827,0.8717
828,0.8761
829,0.8835
830,0.8735
831,0.8753
832,0.8763
833,0.8765
834,0.8824
835,0.8825
836,0.8821
837,0.8828
838,0.8843
839,0.8818
840,0.8767
841,0.8772
842,0.8768
843,0.8727
844,0.8709
845,0.8716
846,0.8807
847,0.8789
848,0.8809
849,0.8777
850,0.8796
851,0.8741
852,0.8805
853,0.8804
854,0.883
855,0.8792
856,0.8803
857,0.8819
858,0.8894
859,0.8912
860,0.8917
861,0.8897
862,0.8886
863,0.8922
864,0.898
865,0.9015
866,0.9034
867,0.9008
868,0.9057
869,0.9027
870,0.9168
871,0.9166
872,0.9151
873,0.9053
874,0.9089
875,0.9138
876,0.9119
877,0.9023
878,0.9114
879,0.9117
880,0.9214
881,0.9223
882,0.9201
883,0.9262
884,0.9215
885,0.9211
886,0.9209999999999999
887,0.9291
888,0.9365
889,0.9387
890,0.9323
891,0.9377
892,0.9413
893,0.9394
894,0.9456
895,0.9441
896,0.9435
897,0.9473
898,0.9447
899,0.9420000000000001
900,0.9455
901,0.9442
902,0.9515
903,0.9565
904,0.9637
905,0.9701
906,0.9706
907,0.9773
908,0.986
909,0.9882
910,0.9919
911,0.9875
912,0.9834
913,0.9811
914,0.9790000000000001
915,0.9734
916,0.9777
917,0.9943
918,0.9884
919,0.991
920,0.9905
921,1.0056
922,1.0079
923,1.0094
924,1.0098
925,1.0135
926,1.0078
927,0.9861
928,0.996
929,1.0017
930,0.9872
931,0.9806
932,0.9841
933,0.9769
934,0.9835
935,0.9866
936,0.9808
937,0.9649
938,0.9743
939,0.9658
940,0.9705
941,0.9789
942,0.9816
943,0.9783
944,0.982
945,0.9837
946,0.9768
947,0.9789
948,0.9796
949,0.9702
950,0.972
951,0.9723
952,0.9832
953,0.9801
954,0.9839
955,0.9808
956,0.9845
957,0.9864
958,0.9912
959,0.993
960,0.9909
961,0.9787
962,0.9748
963,0.9758
964,0.9817
965,0.9726
966,0.971
967,0.9711
968,0.9762
969,0.9844
970,0.9805
971,0.9778
972,0.9813
973,0.9762
974,0.9774
975,0.9793
976,0.9865
977,0.9847
978,0.9846
979,0.9867
980,0.9797
981,0.982
982,0.9782
983,0.9903
984,0.986
985,0.9861
986,0.9865
987,0.9805
988,0.9818
989,0.9717
990,0.9716
991,0.9739
992,0.9785
993,0.9765
994,0.9773
995,0.9767
996,0.9841
997,0.9846
998,0.9846
999,0.9890000000000001
1000,0.9965
1001,0.9972
1002,0.9995
1003,1.0026
1004,1.0092
1005,1.0131
1006,1.01
1007,1.0115
1008,1.0067
1009,1.0057
1010,1.0088
1011,1.0086
1012,1.003
1013,1.0017
1014,1.001
1015,0.997
1016,0.9955
1017,0.9924
1018,0.99
1019,0.9948
1020,0.9943
1021,0.9972
1022,0.9956
1023,0.9997
1024,1.0004
1025,1.0091
1026,1.0098
1027,1.0092
1028,1.008
1029,1.0185
1030,1.0224
1031,1.0222
1032,1.0285
1033,1.026
1034,1.0267
1035,1.0268
1036,1.0246
1037,1.0304
1038,1.031
1039,1.0372
1040,1.0439
1041,1.048
1042,1.0501
1043,1.0501
1044,1.036
1045,1.0415
1046,1.0472
1047,1.0415
1048,1.0490000000000002
1049,1.0485
1050,1.0583
1051,1.0547
1052,1.0568
1053,1.0546
1054,1.0617
1055,1.0654
1056,1.068
1057,1.0716
1058,1.0716
1059,1.0759
1060,1.0838
1061,1.0854
1062,1.0819
1063,1.0832
1064,1.0805
1065,1.0755
1066,1.0768
1067,1.0877
1068,1.0804
1069,1.0832
1070,1.083
1071,1.0745
1072,1.0733
1073,1.0719
1074,1.0837
1075,1.0774
1076,1.0737
1077,1.0686
1078,1.0758
1079,1.0823
1080,1.0764
1081,1.0793
1082,1.0764
1083,1.0801
1084,1.0767
1085,1.08
1086,1.0887
1087,1.0879
1088,1.0973
1089,1.0973
1090,1.1007
1091,1.1045
1092,1.103
1093,1.1003
1094,1.0807
1095,1.0742
1096,1.0637
1097,1.0632
1098,1.057
1099,1.0606
1100,1.053
1101,1.0645
1102,1.065
1103,1.0685
1104,1.0687
1105,1.078
1106,1.0915
1107,1.0908
1108,1.0767
1109,1.0735
1110,1.073
1111,1.0658
1112,1.0716
1113,1.0757
1114,1.08
1115,1.0755
1116,1.078
1117,1.0815
1118,1.0912
1119,1.0881
1120,1.0884
1121,1.0865
1122,1.097
1123,1.097
1124,1.103
1125,1.1025
1126,1.0985
1127,1.1068
1128,1.1176
1129,1.123
1130,1.1227
1131,1.1282
1132,1.1436
1133,1.137
1134,1.1497
1135,1.1491
1136,1.1551
1137,1.1516
1138,1.1504
1139,1.1394
1140,1.1571
1141,1.1658
1142,1.1709
1143,1.168
1144,1.1698
1145,1.1807
1146,1.1851
1147,1.1835
1148,1.1761
1149,1.1773
1150,1.1785
1151,1.176
1152,1.1747
1153,1.168
1154,1.1845
1155,1.1698
1156,1.1740000000000002
1157,1.1685
1158,1.1746
1159,1.1766
1160,1.1867
1161,1.1839
1162,1.18
1163,1.1687
1164,1.172
1165,1.1582
1166,1.155
1167,1.1511
1168,1.1545
1169,1.1425
1170,1.143
1171,1.15
1172,1.1563
1173,1.1542
1174,1.1487
1175,1.1493
1176,1.1315
1177,1.131
1178,1.1342
1179,1.1385
1180,1.1306
1181,1.1278
1182,1.1186
1183,1.121
1184,1.1215
1185,1.129
1186,1.1346
1187,1.1340000000000001
1188,1.1466
1189,1.1467
1190,1.1507
1191,1.1494
1192,1.1455
1193,1.1340000000000001
1194,1.1245
1195,1.1262
1196,1.1358
1197,1.1347
1198,1.135
1199,1.1369
1200,1.13
1201,1.1355
1202,1.1312
1203,1.1317
1204,1.1245
1205,1.126
1206,1.1162
1207,1.1142
1208,1.1115
1209,1.0928
1210,1.0886
1211,1.0873
1212,1.0875
1213,1.0877
1214,1.0874
1215,1.0989
1216,1.0963
1217,1.0815
1218,1.0841
1219,1.094
1220,1.11
1221,1.1096
1222,1.1223
1223,1.1214
1224,1.12
1225,1.1288
1226,1.1299
1227,1.1172
1228,1.1296
1229,1.1241
1230,1.1358
1231,1.1484
1232,1.1463
1233,1.149
1234,1.15
1235,1.1473
1236,1.1585
1237,1.1645
1238,1.1706
1239,1.1691
1240,1.1562
1241,1.1705
1242,1.1775
1243,1.1805
1244,1.1747
1245,1.1805
1246,1.169
1247,1.1719
1248,1.1646
1249,1.1602
1250,1.1674
1251,1.1658
1252,1.1656
1253,1.181
1254,1.1783
1255,1.1816
1256,1.1739
1257,1.1687
1258,1.1673
1259,1.1628
1260,1.1572
1261,1.1453
1262,1.1497
1263,1.1439
1264,1.1413
1265,1.1538
1266,1.1492
1267,1.1505
1268,1.163
1269,1.173
1270,1.177
1271,1.1762
1272,1.1954
1273,1.1886
1274,1.1912
1275,1.1915
1276,1.1769
1277,1.1785
1278,1.1922
1279,1.1902
1280,1.1988
1281,1.1973
1282,1.2078
1283,1.2102
1284,1.2091
1285,1.2163
1286,1.2221
1287,1.2236
1288,1.2219
1289,1.2209999999999999
1290,1.2293
1291,1.2304
1292,1.2323
1293,1.2399
1294,1.2428
1295,1.2375
1296,1.2409999999999999
1297,1.2393
1298,1.2455
1299,1.245
1300,1.2429999999999999
1301,1.2487
1302,1.2545
1303,1.258
1304,1.2475
1305,1.2595
1306,1.2671
1307,1.2763
1308,1.2647
1309,1.2763
1310,1.2841
1311,1.2746
1312,1.2747
1313,1.2663
1314,1.2578
1315,1.2375
1316,1.2355
1317,1.2568
1318,1.2632
1319,1.271
1320,1.2598
1321,1.2463
1322,1.2632
1323,1.2513
1324,1.2401
1325,1.2465
1326,1.2412
1327,1.2539
1328,1.253
1329,1.254
1330,1.2697
1331,1.2687
1332,1.2705
1333,1.281
1334,1.28
1335,1.2745
1336,1.2770000000000001
1337,1.2842
1338,1.2666
1339,1.2702
1340,1.253
1341,1.2543
1342,1.2686
1343,1.2494
1344,1.244
1345,1.249
1346,1.2447
1347,1.2219
1348,1.2187
1349,1.2193
1350,1.2376
1351,1.2394
1352,1.2314
1353,1.2245
1354,1.2318
1355,1.2223
1356,1.2263
1357,1.2264
1358,1.224
1359,1.2372
1360,1.228
1361,1.2334
1362,1.2323
1363,1.2129
1364,1.2134
1365,1.2118
1366,1.2147
1367,1.2175
1368,1.2304
1369,1.2352
1370,1.2134
1371,1.2014
1372,1.2092
1373,1.217
1374,1.207
1375,1.209
1376,1.2071
1377,1.194
1378,1.1957
1379,1.1982
1380,1.1993
1381,1.2014
1382,1.1855
1383,1.1834
1384,1.1894
1385,1.1837
1386,1.1879
1387,1.1934
1388,1.1842
1389,1.1974
1390,1.1984
1391,1.194
1392,1.2087
1393,1.2171
1394,1.2075
1395,1.1895
1396,1.1864
1397,1.1875
1398,1.1905
1399,1.1821
1400,1.1879
1401,1.2009999999999998
1402,1.1942
1403,1.2009999999999998
1404,1.196
1405,1.2009999999999998
1406,1.2017
1407,1.2106
1408,1.2114
1409,1.228
1410,1.222
1411,1.2185
1412,1.2228
1413,1.2225
1414,1.2223
1415,1.229
1416,1.2312
1417,1.2264
1418,1.205
1419,1.2104
1420,1.2015
1421,1.2064
1422,1.2162
1423,1.2003
1424,1.2062
1425,1.214
1426,1.2105
1427,1.2097
1428,1.209
1429,1.217
1430,1.215
1431,1.219
1432,1.2082
1433,1.2187
1434,1.2172
1435,1.2323
1436,1.2279
1437,1.2305
1438,1.2365
1439,1.2391
1440,1.2415
1441,1.2405
1442,1.2326
1443,1.2393
1444,1.234
1445,1.2448
1446,1.2435
1447,1.2327
1448,1.225
1449,1.2244
1450,1.2099
1451,1.2145
1452,1.206
1453,1.2065
1454,1.2036
1455,1.2017
1456,1.2036
1457,1.206
1458,1.205
1459,1.2061
1460,1.2274
1461,1.2278
1462,1.2238
1463,1.2215
1464,1.2257
1465,1.237
1466,1.2355
1467,1.2343
1468,1.2329
1469,1.2366
1470,1.2309
1471,1.2148
1472,1.2085
1473,1.2085
1474,1.2108
1475,1.2021
1476,1.2051
1477,1.218
1478,1.2185
1479,1.2161
1480,1.2066
1481,1.2065
1482,1.2107
1483,1.2186
1484,1.2191
1485,1.2269
1486,1.2258
1487,1.225
1488,1.2154
1489,1.2185
1490,1.218
1491,1.2167
1492,1.2329999999999999
1493,1.2259
1494,1.2263
1495,1.2262
1496,1.2283
1497,1.2323
1498,1.2329
1499,1.2435
1500,1.2409
1501,1.2289
1502,1.2323
1503,1.2277
1504,1.2292
1505,1.2416
1506,1.2375
1507,1.2319
1508,1.2335
1509,1.24
1510,1.248
1511,1.2505
1512,1.2518
1513,1.2589
1514,1.2621
1515,1.2647
1516,1.2799
1517,1.2753
1518,1.2705
1519,1.2739
1520,1.2787
1521,1.2745
1522,1.2685
1523,1.2816
1524,1.2861
1525,1.2965
1526,1.2915
1527,1.29
1528,1.2888
1529,1.2908
1530,1.2984
1531,1.2938
1532,1.2966
1533,1.3035
1534,1.2955
1535,1.3016
1536,1.3036
1537,1.3081
1538,1.3167
1539,1.3239
1540,1.329
1541,1.3276
1542,1.329
1543,1.3318
1544,1.327
1545,1.345
1546,1.34
1547,1.3427
1548,1.3335
1549,1.331
1550,1.3236
1551,1.3321
1552,1.3301
1553,1.3406
1554,1.3235
1555,1.3288
1556,1.3396
1557,1.3365
1558,1.3395
1559,1.3503
1560,1.3534
1561,1.3625
1562,1.3611
1563,1.3588
1564,1.365
1565,1.3557
1566,1.348
1567,1.3272
1568,1.3261
1569,1.3169
1570,1.3054
1571,1.3089
1572,1.3118
1573,1.3265
1574,1.3201
1575,1.3108
1576,1.3073
1577,1.3024
1578,1.2994
1579,1.2956
1580,1.306
1581,1.3056
1582,1.2966
1583,1.3069
1584,1.3035
1585,1.304
1586,1.3031
1587,1.3053
1588,1.3041
1589,1.297
1590,1.2875
1591,1.2775
1592,1.2774
1593,1.2793
1594,1.288
1595,1.2869
1596,1.2961
1597,1.3017
1598,1.304
1599,1.3065
1600,1.307
1601,1.307
1602,1.3259
1603,1.3228
1604,1.3203
1605,1.3243
1606,1.3241
1607,1.3186
1608,1.3134
1609,1.311
1610,1.3255
1611,1.3202
1612,1.3342
1613,1.34
1614,1.3426
1615,1.3459999999999999
1616,1.3367
1617,1.3318
1618,1.3413
1619,1.3371
1620,1.331
1621,1.3175
1622,1.3087
1623,1.2976
1624,1.2945
1625,1.2954
1626,1.2884
1627,1.2921
1628,1.2935
1629,1.2961
1630,1.2906
1631,1.2853
1632,1.2867
1633,1.2875
1634,1.2856
1635,1.2923
1636,1.2981
1637,1.2922
1638,1.2909
1639,1.2823
1640,1.2909
1641,1.3019
1642,1.3073
1643,1.3084
1644,1.3054
1645,1.3065
1646,1.2995
1647,1.2990000000000002
1648,1.2935
1649,1.29
1650,1.2865
1651,1.2862
1652,1.287
1653,1.2943
1654,1.2948
1655,1.2825
1656,1.2833
1657,1.2872
1658,1.28
1659,1.2707
1660,1.2613
1661,1.2635
1662,1.2605
1663,1.268
1664,1.2639
1665,1.2555
1666,1.2576
1667,1.2588
1668,1.2605
1669,1.2513
1670,1.2585
1671,1.247
1672,1.2305
1673,1.2203
1674,1.2285
1675,1.2222
1676,1.2276
1677,1.2281
1678,1.2233
1679,1.2217
1680,1.2119
1681,1.2107
1682,1.2033
1683,1.2116
1684,1.2105
1685,1.2276
1686,1.2146
1687,1.2182
1688,1.2127
1689,1.2026
1690,1.2096
1691,1.2154
1692,1.2073
1693,1.2078
1694,1.2101
1695,1.1959
1696,1.1905
1697,1.1912
1698,1.1923
1699,1.1944
1700,1.1957
1701,1.2075
1702,1.2234
1703,1.209
1704,1.2089
1705,1.2042
1706,1.2053
1707,1.2036
1708,1.2157
1709,1.217
1710,1.2066
1711,1.2056
1712,1.2017
1713,1.2074
1714,1.2132
1715,1.2125
1716,1.2205
1717,1.2198
1718,1.234
1719,1.2378
1720,1.2346
1721,1.2361
1722,1.2368
1723,1.238
1724,1.247
1725,1.244
1726,1.2366
1727,1.2357
1728,1.2265
1729,1.2178
1730,1.217
1731,1.2226
1732,1.2229999999999999
1733,1.2266
1734,1.2312
1735,1.2283
1736,1.2227
1737,1.2218
1738,1.235
1739,1.2495
1740,1.255
1741,1.2525
1742,1.248
1743,1.2419
1744,1.2393
1745,1.2404
1746,1.2274
1747,1.2267
1748,1.2277
1749,1.222
1750,1.2241
1751,1.2147
1752,1.2126
1753,1.2205
1754,1.2148
1755,1.2045
1756,1.2067
1757,1.2013
1758,1.2025
1759,1.2035
1760,1.2014
1761,1.1915
1762,1.1915
1763,1.1955
1764,1.2183
1765,1.213
1766,1.2054
1767,1.1984
1768,1.2024
1769,1.2025
1770,1.2089
1771,1.2035
1772,1.1953
1773,1.198
1774,1.2014
1775,1.1953
1776,1.1976
1777,1.2105
1778,1.2065
1779,1.2141
1780,1.207
1781,1.1992
1782,1.1997
1783,1.207
1784,1.1943
1785,1.1823
1786,1.1814
1787,1.1785
1788,1.177
1789,1.169
1790,1.1709
1791,1.1687
1792,1.1708
1793,1.1685
1794,1.1751
1795,1.1763
1796,1.1726
1797,1.1813
1798,1.1799
1799,1.1782
1800,1.1719
1801,1.1873
1802,1.1787
1803,1.1791
1804,1.1734
1805,1.1712
1806,1.1792
1807,1.1795
1808,1.172
1809,1.1814
1810,1.1821
1811,1.1947
1812,1.1956
1813,1.2001
1814,1.1967
1815,1.2008
1816,1.2007
1817,1.1864
1818,1.183
1819,1.1879
1820,1.1865
1821,1.1856
1822,1.1832
1823,1.183
1824,1.1843
1825,1.1832
1826,1.1831
1827,1.2021
1828,1.2124
1829,1.2108
1830,1.2159
1831,1.2087
1832,1.2072
1833,1.2127
1834,1.2039
1835,1.2139
1836,1.2118
1837,1.2098
1838,1.2105
1839,1.209
1840,1.2138
1841,1.2299
1842,1.2289
1843,1.2244
1844,1.2212
1845,1.2102
1846,1.2085
1847,1.2159
1848,1.206
1849,1.2098
1850,1.2026
1851,1.1968
1852,1.197
1853,1.1943
1854,1.1969
1855,1.1905
1856,1.1906
1857,1.1912
1858,1.1882
1859,1.1892
1860,1.1914
1861,1.1945
1862,1.1912
1863,1.1899
1864,1.1921
1865,1.1873
1866,1.1856
1867,1.1922
1868,1.1913
1869,1.2042
1870,1.2033
1871,1.2018
1872,1.1889
1873,1.1915
1874,1.1908
1875,1.1915
1876,1.1958
1877,1.202
1878,1.2068
1879,1.2178
1880,1.2193
1881,1.2165
1882,1.21
1883,1.2078
1884,1.1967
1885,1.2034
1886,1.2007
1887,1.2009999999999998
1888,1.2021
1889,1.2161
1890,1.2114
1891,1.214
1892,1.2266
1893,1.2291
1894,1.2228
1895,1.2105
1896,1.2099
1897,1.2148
1898,1.2104
1899,1.2104
1900,1.2106
1901,1.2256
1902,1.2312
1903,1.2385
1904,1.2318
1905,1.2346
1906,1.2407
1907,1.2431
1908,1.2445
1909,1.2537
1910,1.2614
1911,1.2591
1912,1.2629
1913,1.2624
1914,1.2712
1915,1.2736
1916,1.2703
1917,1.2753
1918,1.281
1919,1.2829
1920,1.2908
1921,1.2812
1922,1.2857
1923,1.2743
1924,1.2844
1925,1.2775
1926,1.2864
1927,1.2869
1928,1.2775
1929,1.2795
1930,1.2733
1931,1.2752
1932,1.2873
1933,1.2812
1934,1.2801
1935,1.2919
1936,1.2921
1937,1.2837
1938,1.2795
1939,1.264
1940,1.2646
1941,1.2609
1942,1.2535
1943,1.2592
1944,1.2614
1945,1.2645
1946,1.2578
1947,1.2585
1948,1.2662
1949,1.2584
1950,1.2518
1951,1.2579
1952,1.2586
1953,1.2555
1954,1.2663
1955,1.2786
1956,1.2806
1957,1.2795
1958,1.2734
1959,1.2777
1960,1.2818
1961,1.2733
1962,1.2772
1963,1.2698
1964,1.2690000000000001
1965,1.2642
1966,1.2524
1967,1.2509
1968,1.2597
1969,1.2638
1970,1.2685
1971,1.2632
1972,1.2583
1973,1.2695
1974,1.2694
1975,1.2751
1976,1.2772
1977,1.2816
1978,1.2797
1979,1.281
1980,1.2879
1981,1.2842
1982,1.2857
1983,1.2857
1984,1.2791
1985,1.2721
1986,1.2716
1987,1.2782
1988,1.2837
1989,1.2827
1990,1.2825
1991,1.2899
1992,1.2799
1993,1.2794
1994,1.2763
1995,1.2762
1996,1.2788
1997,1.2823
1998,1.2832
1999,1.2815
2000,1.2831
2001,1.2861
2002,1.2818
2003,1.2814
2004,1.2733
2005,1.2671
2006,1.2699
2007,1.2688
2008,1.2692
2009,1.2723
2010,1.266
2011,1.27
2012,1.2678
2013,1.2695
2014,1.2793
2015,1.2792
2016,1.2762
2017,1.2698
2018,1.27
2019,1.2712
2020,1.2679
2021,1.2738
2022,1.2729
2023,1.2712
2024,1.2691
2025,1.2601
2026,1.26
2027,1.2534
2028,1.2518
2029,1.2549
2030,1.2514
2031,1.2529
2032,1.2535
2033,1.2532
2034,1.2626
2035,1.262
2036,1.2551
2037,1.2566
2038,1.2615
2039,1.2691
2040,1.2735
2041,1.2728
2042,1.2765
2043,1.2761
2044,1.2778
2045,1.2716
2046,1.2722
2047,1.2771
2048,1.2771
2049,1.2824
2050,1.2849
2051,1.2809
2052,1.2823
2053,1.2823
2054,1.2794
2055,1.2815
2056,1.2813
2057,1.2843
2058,1.2927
2059,1.295
2060,1.3086
2061,1.3133
2062,1.3189
2063,1.3145
2064,1.3247
2065,1.3333
2066,1.3325
2067,1.3327
2068,1.3283
2069,1.328
2070,1.3203
2071,1.325
2072,1.3274
2073,1.3203
2074,1.3153
2075,1.3078
2076,1.3096
2077,1.3191
2078,1.3177
2079,1.3174
2080,1.3115
2081,1.3135
2082,1.3097
2083,1.3128
2084,1.3146
2085,1.3191
2086,1.3146
2087,1.3287
2088,1.3163
2089,1.3085
2090,1.3009
2091,1.3019
2092,1.3
2093,1.2936
2094,1.2890000000000001
2095,1.2921
2096,1.2935
2097,1.2922
2098,1.2930000000000001
2099,1.2958
2100,1.2963
2101,1.2953
2102,1.3022
2103,1.2958
2104,1.2928
2105,1.2911
2106,1.2954
2107,1.2961
2108,1.3029
2109,1.3021
2110,1.2966
2111,1.2928
2112,1.2978
2113,1.3006
2114,1.3037
2115,1.3005
2116,1.296
2117,1.3030000000000002
2118,1.3124
2119,1.3143
2120,1.3134
2121,1.3146
2122,1.3144
2123,1.3141
2124,1.3126
2125,1.3162
2126,1.3184
2127,1.3236
2128,1.3234
2129,1.3195
2130,1.319
2131,1.3098
2132,1.3123
2133,1.3183
2134,1.3134
2135,1.3115
2136,1.3188
2137,1.3198
2138,1.3219999999999998
2139,1.3232
2140,1.3309
2141,1.3299
2142,1.3307
2143,1.3383
2144,1.3331
2145,1.329
2146,1.3332
2147,1.3349
2148,1.3313
2149,1.3333
2150,1.3354
2151,1.3364
2152,1.3331
2153,1.3368
2154,1.3423
2155,1.3371
2156,1.3357
2157,1.3425
2158,1.3426
2159,1.3481
2160,1.3534
2161,1.3546
2162,1.3564
2163,1.3579
2164,1.3601
2165,1.3598
2166,1.3572
2167,1.3625
2168,1.3639
2169,1.3602
2170,1.3641
2171,1.3651
2172,1.3617
2173,1.3597
2174,1.3554
2175,1.3597
2176,1.3603
2177,1.3542
2178,1.3527
2179,1.3483
2180,1.3527
2181,1.354
2182,1.3589
2183,1.3519
2184,1.3493
2185,1.3505
2186,1.3465
2187,1.3465
2188,1.3459999999999999
2189,1.3434
2190,1.3449
2191,1.3453
2192,1.345
2193,1.3428
2194,1.3453
2195,1.3442
2196,1.3487
2197,1.3521
2198,1.3504
2199,1.3432
2200,1.3362
2201,1.3356
2202,1.3316
2203,1.331
2204,1.3305
2205,1.3378
2206,1.3413
2207,1.3423
2208,1.3417
2209,1.3387
2210,1.3365
2211,1.3466
2212,1.3468
2213,1.3444
2214,1.3435
2215,1.3534
2216,1.3622
2217,1.3617
2218,1.3622
2219,1.3599
2220,1.3621
2221,1.3624
2222,1.3741
2223,1.3759
2224,1.3786
2225,1.3785
2226,1.3783
2227,1.3781
2228,1.3795
2229,1.3803
2230,1.3824
2231,1.3803
2232,1.3821
2233,1.3707
2234,1.3743
2235,1.3641
2236,1.369
2237,1.3689
2238,1.3655
2239,1.3699
2240,1.3815
2241,1.3795
2242,1.3766
2243,1.3797
2244,1.3677
2245,1.3695
2246,1.3619
2247,1.3542
2248,1.3462
2249,1.3403
2250,1.3474
2251,1.3481
2252,1.3468
2253,1.3535
2254,1.3557
2255,1.3668
2256,1.365
2257,1.3626
2258,1.3672
2259,1.3635
2260,1.3638
2261,1.361
2262,1.3614
2263,1.3653
2264,1.3684
2265,1.3769
2266,1.3806
2267,1.3827
2268,1.3909
2269,1.3881
2270,1.3877
2271,1.3867
2272,1.3969999999999998
2273,1.3961
2274,1.4073
2275,1.4082
2276,1.4084
2277,1.4143
2278,1.4133
2279,1.4157
2280,1.4268
2281,1.4238
2282,1.4155
2283,1.4106
2284,1.4106
2285,1.4149
2286,1.405
2287,1.4102
2288,1.4132
2289,1.4183
2290,1.4173
2291,1.4199
2292,1.4162
2293,1.4184
2294,1.4293
2295,1.4295
2296,1.4157
2297,1.4257
2298,1.4257
2299,1.4319
2300,1.4385
2301,1.4424
2302,1.4436
2303,1.4485
2304,1.446
2305,1.45
2306,1.4469
2307,1.4553
2308,1.4635
2309,1.4665
2310,1.4665
2311,1.4548
2312,1.4601
2313,1.4652
2314,1.4617
2315,1.4657
2316,1.4668
2317,1.4812
2318,1.4864
2319,1.4845
2320,1.4835
2321,1.4878
2322,1.4845
2323,1.4855
2324,1.4753
2325,1.4635
2326,1.4671
2327,1.4764
2328,1.4609999999999999
2329,1.4631
2330,1.4654
2331,1.4709999999999999
2332,1.4652
2333,1.4717
2334,1.462
2335,1.4425
2336,1.4394
2337,1.4405
2338,1.4381
2339,1.4323
2340,1.4357
2341,1.4408
2342,1.4392
2343,1.4489
2344,1.4628
2345,1.4715
2346,1.4587
2347,1.4587
2348,1.4722
2349,1.4745
2350,1.4772
2351,1.4697
2352,1.4707
2353,1.4668
2354,1.4791
2355,1.479
2356,1.4873
2357,1.4827
2358,1.4827
2359,1.4671
2360,1.4619
2361,1.4441
2362,1.4609999999999999
2363,1.4609
2364,1.4752
2365,1.4669999999999999
2366,1.4775
2367,1.4776
2368,1.4880000000000002
2369,1.4876
2370,1.4799
2371,1.4826
2372,1.4647
2373,1.4627
2374,1.4471
2375,1.4508
2376,1.4517
2377,1.4591
2378,1.4579
2379,1.4634
2380,1.4678
2381,1.4655
2382,1.4733
2383,1.4682
2384,1.4815
2385,1.4824
2386,1.4823
2387,1.4968
2388,1.5119
2389,1.5218
2390,1.5189
2391,1.5205
2392,1.521
2393,1.5268
2394,1.5376
2395,1.5348
2396,1.5347
2397,1.5317
2398,1.5558
2399,1.5584
2400,1.5666
2401,1.5729
2402,1.5633
2403,1.5609
2404,1.5435
2405,1.5446
2406,1.5418
2407,1.5596
2408,1.5832
2409,1.5778
2410,1.5803
2411,1.5783
2412,1.56
2413,1.5683
2414,1.5676
2415,1.5718
2416,1.5704
2417,1.5714
2418,1.5826
2419,1.5742
2420,1.5832
2421,1.58
2422,1.5775
2423,1.5951
2424,1.5889
2425,1.5801
2426,1.5927
2427,1.5997
2428,1.5892
2429,1.5681
2430,1.5605
2431,1.5643
2432,1.5561
2433,1.5633
2434,1.5458
2435,1.5416
2436,1.5496
2437,1.5528
2438,1.5401
2439,1.5403
2440,1.5479
2441,1.554
2442,1.5476
2443,1.5457
2444,1.5453
2445,1.558
2446,1.5511
2447,1.5669
2448,1.5782
2449,1.5696
2450,1.579
2451,1.5769
2452,1.5702
2453,1.5634
2454,1.5506
2455,1.5554
2456,1.5542
2457,1.5468
2458,1.5433
2459,1.5588
2460,1.5761
2461,1.5652
2462,1.5459
2463,1.557
2464,1.5419999999999998
2465,1.536
2466,1.5483
2467,1.5513
2468,1.5528
2469,1.5495
2470,1.5621
2471,1.5521
2472,1.5576
2473,1.5665
2474,1.5758
2475,1.5773
2476,1.5757
2477,1.5789
2478,1.588
2479,1.5699
2480,1.571
2481,1.5721
2482,1.5756
2483,1.5743
2484,1.5784
2485,1.5925
2486,1.5908
2487,1.5875
2488,1.5815
2489,1.5818
2490,1.5844
2491,1.59
2492,1.5781
2493,1.5686
2494,1.5657
2495,1.5696
2496,1.5753
2497,1.5583
2498,1.5583
2499,1.5593
2500,1.554
2501,1.5586
2502,1.5469
2503,1.5412
2504,1.5329
2505,1.5012
2506,1.4934
2507,1.4923
2508,1.4934
2509,1.48
2510,1.4676
2511,1.47
2512,1.4783
2513,1.4743
2514,1.4882
2515,1.4769999999999999
2516,1.4754
2517,1.4647
2518,1.4709999999999999
2519,1.4701
2520,1.466
2521,1.4605
2522,1.4516
2523,1.4493
2524,1.4327
2525,1.4241
2526,1.4107
2527,1.4102
2528,1.4040000000000001
2529,1.3946
2530,1.4214
2531,1.4194
2532,1.4149
2533,1.4379
2534,1.4301
2535,1.4469
2536,1.4808
2537,1.4715
2538,1.4657
2539,1.4625
2540,1.4618
2541,1.4467
2542,1.4065
2543,1.4058
2544,1.3824
2545,1.3834
2546,1.3456
2547,1.3625
2548,1.3666
2549,1.3634
2550,1.3412
2551,1.3525
2552,1.3656
2553,1.3494
2554,1.3444
2555,1.3437
2556,1.3327
2557,1.3072
2558,1.2832
2559,1.2902
2560,1.263
2561,1.2532
2562,1.2701
2563,1.2953
2564,1.2965
2565,1.2759
2566,1.2626
2567,1.2951
2568,1.2991
2569,1.2743
2570,1.2743
2571,1.2735
2572,1.2552
2573,1.2507
2574,1.2815
2575,1.2797
2576,1.2678
2577,1.2597
2578,1.253
2579,1.2465
2580,1.2573
2581,1.2890000000000001
2582,1.3066
2583,1.2873
2584,1.2877
2585,1.2705
2586,1.2671
2587,1.2694
2588,1.2657
2589,1.2779
2590,1.268
2591,1.2953
2592,1.2923
2593,1.3012
2594,1.3316
2595,1.3371
2596,1.3665
2597,1.4126
2598,1.439
2599,1.4263
2600,1.3885
2601,1.3944
2602,1.3951
2603,1.3959
2604,1.4019
2605,1.406
2606,1.3983
2607,1.4089
2608,1.3954
2609,1.3954
2610,1.3855
2611,1.36
2612,1.3527
2613,1.3628
2614,1.3726
2615,1.3431
2616,1.3367
2617,1.3169
2618,1.3153
2619,1.3165
2620,1.3257
2621,1.3143
2622,1.288
2623,1.3018
2624,1.3001
2625,1.2978
2626,1.3181
2627,1.3176
2628,1.3139
2629,1.2979
2630,1.2793
2631,1.2827
2632,1.3039
2633,1.2856
2634,1.2796
2635,1.2945
2636,1.3024
2637,1.298
2638,1.2904
2639,1.2853
2640,1.2890000000000001
2641,1.2769
2642,1.2612
2643,1.2553
2644,1.2686
2645,1.2848
2646,1.2699
2647,1.2853
2648,1.2715
2649,1.275
2650,1.2694
2651,1.2572
2652,1.2587
2653,1.2637
2654,1.2637
2655,1.2636
2656,1.2627
2657,1.2637
2658,1.2846
2659,1.2914
2660,1.29
2661,1.2988
2662,1.3005
2663,1.3492
2664,1.3665
2665,1.3559
2666,1.3649
2667,1.345
2668,1.3566
2669,1.3513
2670,1.3305
2671,1.3162
2672,1.3282
2673,1.3282
2674,1.3447
2675,1.3482
2676,1.3395
2677,1.3257
2678,1.3257
2679,1.3159
2680,1.3146
2681,1.3376
2682,1.3287
2683,1.3191
2684,1.3167
2685,1.3027
2686,1.2926
2687,1.2928
2688,1.3019
2689,1.3123
2690,1.3247
2691,1.3022
2692,1.3146
2693,1.3249
2694,1.3230000000000002
2695,1.3267
2696,1.3373
2697,1.3312
2698,1.3341
2699,1.3341
2700,1.3621
2701,1.3595
2702,1.3642
2703,1.3581
2704,1.3653
2705,1.3479
2706,1.3552
2707,1.3636
2708,1.3768
2709,1.389
2710,1.4011
2711,1.3995
2712,1.3986
2713,1.3887
2714,1.3942
2715,1.4135
2716,1.4158
2717,1.4319
2718,1.4135
2719,1.4175
2720,1.3964
2721,1.3892
2722,1.4085
2723,1.3975
2724,1.4127
2725,1.401
2726,1.3786
2727,1.3849
2728,1.3947
2729,1.3899
2730,1.3955
2731,1.3874
2732,1.4080000000000001
2733,1.3916
2734,1.3980000000000001
2735,1.4077
2736,1.4086
2737,1.4042
2738,1.4151
2739,1.4033
2740,1.3975
2741,1.3962
2742,1.3912
2743,1.3851
2744,1.4031
2745,1.3949
2746,1.3996
2747,1.3933
2748,1.4125
2749,1.4137
2750,1.4138
2751,1.4221
2752,1.4192
2753,1.4213
2754,1.4209
2755,1.421
2756,1.4242
2757,1.4175
2758,1.4041
2759,1.4077
2760,1.4253
2761,1.4408
2762,1.4388
2763,1.4425
2764,1.4341
2765,1.4169
2766,1.4132
2767,1.4148
2768,1.4212
2769,1.4274
2770,1.4174
2771,1.4083
2772,1.4142
2773,1.4237
2774,1.4266
2775,1.4346
2776,1.4289
2777,1.4311
2778,1.4241
2779,1.4372
2780,1.4296
2781,1.4322
2782,1.4213
2783,1.4268
2784,1.425
2785,1.4311
2786,1.4329
2787,1.4507
2788,1.4542
2789,1.4574
2790,1.4594
2791,1.4615
2792,1.4675
2793,1.4731
2794,1.4744
2795,1.4722
2796,1.4676
2797,1.4799
2798,1.4744
2799,1.4652
2800,1.4669
2801,1.4599
2802,1.4571
2803,1.4632
2804,1.4522
2805,1.4571
2806,1.4652
2807,1.4713
2808,1.4680000000000002
2809,1.4779
2810,1.4709
2811,1.4777
2812,1.483
2813,1.4918
2814,1.4887
2815,1.4893
2816,1.4944
2817,1.4929
2818,1.4999
2819,1.5025
2820,1.4997
2821,1.496
2822,1.4792
2823,1.4715
2824,1.4829
2825,1.4713
2826,1.4813
2827,1.4711
2828,1.4866
2829,1.4875
2830,1.4846
2831,1.4987
2832,1.4978
2833,1.4979
2834,1.4841
2835,1.4914
2836,1.4968
2837,1.4868
2838,1.4961
2839,1.4917
2840,1.4859
2841,1.4963
2842,1.4965
2843,1.5136
2844,1.4984
2845,1.4957
2846,1.5016
2847,1.5085
2848,1.5044
2849,1.5073
2850,1.4843
2851,1.4818
2852,1.4699
2853,1.4731
2854,1.4726
2855,1.4619
2856,1.465
2857,1.4528
2858,1.4532
2859,1.4347
2860,1.4340000000000002
2861,1.4282
2862,1.425
2863,1.433
2864,1.4349
2865,1.4426
2866,1.4383
2867,1.4359
2868,1.4336
2869,1.4318
2870,1.4318
2871,1.4411
2872,1.4366
2873,1.4412
2874,1.4319
2875,1.4411
2876,1.4526
2877,1.4487
2878,1.4506
2879,1.4496
2880,1.4375
2881,1.4386
2882,1.4304
2883,1.4102
2884,1.4098
2885,1.4140000000000001
2886,1.4153
2887,1.4076
2888,1.4018
2889,1.3971
2890,1.3867
2891,1.3926
2892,1.3963
2893,1.3903
2894,1.3738
2895,1.3652
2896,1.3659
2897,1.3780000000000001
2898,1.3732
2899,1.3681
2900,1.3609
2901,1.3597
2902,1.3765
2903,1.3607
2904,1.3612
2905,1.359
2906,1.3597
2907,1.35
2908,1.3532
2909,1.3558
2910,1.3613
2911,1.3558
2912,1.3608
2913,1.3701
2914,1.3587
2915,1.3624
2916,1.3630000000000002
2917,1.3599
2918,1.3641
2919,1.3677
2920,1.3758
2921,1.3671
2922,1.3778
2923,1.3738
2924,1.3612
2925,1.3531
2926,1.3549
2927,1.35
2928,1.3331
2929,1.328
2930,1.3423
2931,1.3477
2932,1.3413
2933,1.351
2934,1.3585
2935,1.3485
2936,1.3479
2937,1.3402
2938,1.3351
2939,1.3348
2940,1.3492
2941,1.3579
2942,1.3589
2943,1.3654
2944,1.3574
2945,1.3504
2946,1.3486
2947,1.3444
2948,1.3395
2949,1.3311
2950,1.3371
2951,1.3363
2952,1.3174
2953,1.3196
2954,1.3241
2955,1.3314
2956,1.3196
2957,1.3007
2958,1.2818
2959,1.2614
2960,1.2732
2961,1.2775
2962,1.2691
2963,1.2626
2964,1.2545
2965,1.238
2966,1.2386
2967,1.2209999999999999
2968,1.2386
2969,1.2523
2970,1.2575
2971,1.2384
2972,1.2332
2973,1.2191
2974,1.2345
2975,1.2276
2976,1.23
2977,1.2235
2978,1.2243
2979,1.2163
2980,1.1963
2981,1.192
2982,1.1943
2983,1.1979
2984,1.2117
2985,1.2091
2986,1.2225
2987,1.2337
2988,1.2303
2989,1.2385
2990,1.2384
2991,1.2304
2992,1.2271
2993,1.2321
2994,1.2329
2995,1.2378
2996,1.2279
2997,1.2188
2998,1.2229
2999,1.2522
3000,1.2547
3001,1.2533
3002,1.2614
3003,1.2634
3004,1.2693
3005,1.2639
3006,1.2589
3007,1.2717
3008,1.2737
3009,1.2914
3010,1.2925
3011,1.2945
3012,1.2889
3013,1.2766
3014,1.2889
3015,1.2909
3016,1.2995
3017,1.3002
3018,1.2979
3019,1.3085
3020,1.3054
3021,1.3167
3022,1.3229
3023,1.3159999999999998
3024,1.3178
3025,1.3288
3026,1.3223
3027,1.3191
3028,1.2884
3029,1.2828
3030,1.2753
3031,1.2816
3032,1.288
3033,1.286
3034,1.2819
3035,1.2708
3036,1.2665
3037,1.2674
3038,1.2653
3039,1.2735
3040,1.2738
3041,1.2662
3042,1.2684
3043,1.2802
3044,1.2815
3045,1.2891
3046,1.2872
3047,1.2698
3048,1.2712
3049,1.2703
3050,1.2707
3051,1.2872
3052,1.3011
3053,1.3012
3054,1.3083
3055,1.3042
3056,1.3064
3057,1.3242
3058,1.3393
3059,1.3314
3060,1.3484
3061,1.3472
3062,1.3583
3063,1.3627
3064,1.3632
3065,1.3778
3066,1.3683
3067,1.383
3068,1.3935
3069,1.3917
3070,1.3922
3071,1.3875
3072,1.3914
3073,1.3962
3074,1.4076
3075,1.3969
3076,1.3986
3077,1.3728
3078,1.3956
3079,1.3923
3080,1.3934
3081,1.3979
3082,1.3848
3083,1.3764
3084,1.3931
3085,1.3908
3086,1.3879
3087,1.4027
3088,1.4132
3089,1.4206
3090,1.4035
3091,1.3918
3092,1.3775
3093,1.3780000000000001
3094,1.3658
3095,1.3699
3096,1.3564
3097,1.3488
3098,1.3518
3099,1.3630000000000002
3100,1.3685
3101,1.3624
3102,1.3375
3103,1.3324
3104,1.3376
3105,1.3236
3106,1.3123
3107,1.2998
3108,1.3135
3109,1.3223
3110,1.3408
3111,1.3323
3112,1.3274
3113,1.3258
3114,1.3239
3115,1.3226
3116,1.3389
3117,1.3384
3118,1.3221
3119,1.3224
3120,1.3181
3121,1.3119999999999998
3122,1.3092
3123,1.3092
3124,1.3115
3125,1.3115
3126,1.3156
3127,1.3114
3128,1.3231
3129,1.3279
3130,1.3366
3131,1.3351
3132,1.3298
3133,1.3149
3134,1.3014
3135,1.2924
3136,1.295
3137,1.2977
3138,1.3130000000000002
3139,1.3349
3140,1.3368
3141,1.3294
3142,1.3382
3143,1.3465
3144,1.347
3145,1.3615
3146,1.3641
3147,1.3683
3148,1.369
3149,1.3737
3150,1.3606
3151,1.3693
3152,1.3831
3153,1.3807
3154,1.3632
3155,1.3588
3156,1.3586
3157,1.3635
3158,1.3721
3159,1.3595
3160,1.355
3161,1.3483
3162,1.3483
3163,1.3561
3164,1.3604
3165,1.3686
3166,1.3675
3167,1.3655
3168,1.3749
3169,1.3799
3170,1.3744
3171,1.3801
3172,1.3771
3173,1.3866
3174,1.396
3175,1.3983
3176,1.3973
3177,1.39
3178,1.3902
3179,1.3784
3180,1.3903
3181,1.3997
3182,1.3993
3183,1.3897
3184,1.4017
3185,1.4165
3186,1.422
3187,1.4202
3188,1.4126
3189,1.4168
3190,1.4068
3191,1.4091
3192,1.4095
3193,1.4132
3194,1.4197
3195,1.4224
3196,1.4216
3197,1.4222
3198,1.4334
3199,1.4307
3200,1.4439
3201,1.4433
3202,1.4478
3203,1.4445
3204,1.4491
3205,1.4421
3206,1.4236
3207,1.4338
3208,1.4509999999999998
3209,1.4543
3210,1.4547
3211,1.4580000000000002
3212,1.464
3213,1.4789
3214,1.4822
3215,1.4826
3216,1.4825
3217,1.4824
3218,1.483
3219,1.4529
3220,1.4346
3221,1.435
3222,1.4402
3223,1.4195
3224,1.4240000000000002
3225,1.4106
3226,1.4184
3227,1.4227
3228,1.4233
3229,1.4308
3230,1.4176
3231,1.4049
3232,1.4113
3233,1.4093
3234,1.4132
3235,1.4292
3236,1.4278
3237,1.4386
3238,1.4345
3239,1.4484
3240,1.4625
3241,1.4568
3242,1.4685
3243,1.4573
3244,1.4517
3245,1.4337
3246,1.4411
3247,1.4449
3248,1.4173
3249,1.4176
3250,1.4289
3251,1.43
3252,1.4406
3253,1.4355
3254,1.4237
3255,1.4169999999999998
3256,1.4280000000000002
3257,1.4354
3258,1.4428
3259,1.4514
3260,1.4521
3261,1.4529
3262,1.4421
3263,1.43
3264,1.4351
3265,1.4249
3266,1.4017
3267,1.3968
3268,1.4139
3269,1.4131
3270,1.4145
3271,1.4102
3272,1.4134
3273,1.4227
3274,1.4375
3275,1.4361
3276,1.4373
3277,1.4509999999999998
3278,1.4366
3279,1.4306
3280,1.4379
3281,1.4265
3282,1.4216
3283,1.432
3284,1.4132
3285,1.4274
3286,1.4206
3287,1.4339
3288,1.4189
3289,1.4240000000000002
3290,1.4248
3291,1.4442
3292,1.4411
3293,1.4439
3294,1.4325
3295,1.4393
3296,1.4369
3297,1.4437
3298,1.4421
3299,1.4383
3300,1.4496
3301,1.4512
3302,1.4462
3303,1.4379
3304,1.4269999999999998
3305,1.4192
3306,1.4092
3307,1.3996
3308,1.409
3309,1.3892
3310,1.3663
3311,1.3616
3312,1.3695
3313,1.3768
3314,1.3878
3315,1.3791
3316,1.3698
3317,1.3665
3318,1.3607
3319,1.3462
3320,1.3502
3321,1.3495
3322,1.3596
3323,1.355
3324,1.3585
3325,1.3395
3326,1.3224
3327,1.3343
3328,1.3342
3329,1.3443
3330,1.3395
3331,1.3637
3332,1.3674
3333,1.3803
3334,1.379
3335,1.3875
3336,1.3748
3337,1.3788
3338,1.375
3339,1.3784
3340,1.3869
3341,1.3925
3342,1.391
3343,1.3902
3344,1.4179
3345,1.4165
3346,1.3840000000000001
3347,1.3678
3348,1.3745
3349,1.3831
3350,1.3769
3351,1.3769999999999998
3352,1.3837
3353,1.3546
3354,1.3595
3355,1.3746
3356,1.3637
3357,1.3541
3358,1.3484
3359,1.3463
3360,1.3517
3361,1.3505
3362,1.351
3363,1.3356
3364,1.3338
3365,1.3233
3366,1.3294
3367,1.3327
3368,1.344
3369,1.3456
3370,1.3402
3371,1.3392
3372,1.3401
3373,1.3413
3374,1.3331
3375,1.337
3376,1.3185
3377,1.3027
3378,1.2984
3379,1.3016
3380,1.3034
3381,1.2996
3382,1.3076
3383,1.3043
3384,1.3051
3385,1.3038
3386,1.3059
3387,1.3066
3388,1.2938
3389,1.2961
3390,1.2941
3391,1.2922
3392,1.305
3393,1.2947
3394,1.2779
3395,1.2721
3396,1.2769
3397,1.2774
3398,1.2705
3399,1.2825
3400,1.2684
3401,1.2675
3402,1.2723
3403,1.2849
3404,1.2957
3405,1.2928
3406,1.3033
3407,1.3023
3408,1.311
3409,1.3105
3410,1.3215
3411,1.3117
3412,1.3083
3413,1.3153
3414,1.3147
3415,1.3146
3416,1.3131
3417,1.3244
3418,1.3259999999999998
3419,1.3284
3420,1.3166
3421,1.3191
3422,1.3115
3423,1.3074
3424,1.3153
3425,1.3157
3426,1.3241
3427,1.3236
3428,1.3245
3429,1.3365
3430,1.3463
3431,1.34
3432,1.3461
3433,1.3322
3434,1.3306
3435,1.3207
3436,1.3221
3437,1.3112
3438,1.3148
3439,1.3266
3440,1.3114
3441,1.315
3442,1.3071
3443,1.3019999999999998
3444,1.3094
3445,1.3168
3446,1.3236
3447,1.3217
3448,1.3207
3449,1.3187
3450,1.3262
3451,1.3361
3452,1.3329
3453,1.3321
3454,1.3293
3455,1.3336
3456,1.3328
3457,1.3229
3458,1.3139
3459,1.3064
3460,1.3088
3461,1.3117
3462,1.3076
3463,1.3102
3464,1.3187
3465,1.3072
3466,1.3138
3467,1.3130000000000002
3468,1.3114
3469,1.3134
3470,1.3215
3471,1.3154
3472,1.3182
3473,1.3214
3474,1.324
3475,1.3247
3476,1.3236
3477,1.3235
3478,1.3156
3479,1.315
3480,1.3089
3481,1.3058
3482,1.3016
3483,1.2942
3484,1.2946
3485,1.2922
3486,1.2839
3487,1.2728
3488,1.2723
3489,1.27
3490,1.2773
3491,1.2816
3492,1.2676
3493,1.2584
3494,1.2533
3495,1.2518
3496,1.2543
3497,1.2493
3498,1.2373
3499,1.2375
3500,1.2408
3501,1.2496
3502,1.2446
3503,1.2572
3504,1.2582
3505,1.2501
3506,1.2483
3507,1.2499
3508,1.2571
3509,1.2614
3510,1.2645
3511,1.2577
3512,1.2691
3513,1.2670000000000001
3514,1.2545
3515,1.2565
3516,1.25
3517,1.2499
3518,1.2469
3519,1.2445
3520,1.2654
3521,1.2583
3522,1.2607
3523,1.2533
3524,1.2389
3525,1.2275
3526,1.2309999999999999
3527,1.2252
3528,1.2233
3529,1.2209999999999999
3530,1.224
3531,1.2279
3532,1.2281
3533,1.2276
3534,1.2271
3535,1.2164
3536,1.2134
3537,1.2064
3538,1.2152
3539,1.2282
3540,1.2317
3541,1.2253
3542,1.2308
3543,1.2239
3544,1.2176
3545,1.2379
3546,1.2412
3547,1.2405
3548,1.2358
3549,1.2292
3550,1.2293
3551,1.2332
3552,1.2324
3553,1.2287
3554,1.2362
3555,1.2318
3556,1.2344
3557,1.2465
3558,1.2518
3559,1.2561
3560,1.2516
3561,1.2496
3562,1.2563
3563,1.2528
3564,1.2515
3565,1.2578
3566,1.2593
3567,1.2570000000000001
3568,1.2598
3569,1.2639
3570,1.2798
3571,1.2761
3572,1.2855
3573,1.2895
3574,1.2988
3575,1.3122
3576,1.3101
3577,1.3035
3578,1.3056
3579,1.2969
3580,1.2989
3581,1.2927
3582,1.2906
3583,1.2857
3584,1.2914
3585,1.2844
3586,1.288
3587,1.2919
3588,1.29
3589,1.3014
3590,1.3017
3591,1.2972
3592,1.2873
3593,1.2894
3594,1.2930000000000001
3595,1.2956
3596,1.2951
3597,1.3045
3598,1.3123
3599,1.3068
3600,1.3021
3601,1.3049
3602,1.2977
3603,1.2964
3604,1.2945
3605,1.2934
3606,1.2898
3607,1.2962
3608,1.2919999999999998
3609,1.2936
3610,1.2832
3611,1.2794
3612,1.281
3613,1.2765
3614,1.2745
3615,1.2711
3616,1.271
3617,1.2705
3618,1.2732
3619,1.2763
3620,1.2734
3621,1.2804
3622,1.2815
3623,1.2825
3624,1.2871
3625,1.2982
3626,1.297
3627,1.2932
3628,1.2934
3629,1.2973
3630,1.3006
3631,1.3051
3632,1.3098
3633,1.3079
3634,1.2965
3635,1.2927
3636,1.2935
3637,1.3002
3638,1.3064
3639,1.3073
3640,1.3154
3641,1.3159999999999998
3642,1.3224
3643,1.3247
3644,1.3243
3645,1.3178
3646,1.3173
3647,1.3191
3648,1.3218
3649,1.3242
3650,1.3219
3651,1.3188
3652,1.3219
3653,1.3177
3654,1.305
3655,1.308
3656,1.3106
3657,1.3083
3658,1.3064
3659,1.3254
3660,1.3334
3661,1.3387
3662,1.3311
3663,1.3282
3664,1.3374
3665,1.3318
3666,1.3317
3667,1.3313
3668,1.3315
3669,1.3375
3670,1.3458
3671,1.3454
3672,1.3491
3673,1.3566
3674,1.3577
3675,1.3651
3676,1.3511
3677,1.3584
3678,1.3522
3679,1.3396
3680,1.3363
3681,1.3398
3682,1.3447
3683,1.345
3684,1.3354
3685,1.3362
3686,1.3349
3687,1.339
3688,1.3283
3689,1.3182
3690,1.3184
3691,1.3089
3692,1.3054
3693,1.3136
3694,1.3064
3695,1.3024
3696,1.3017
3697,1.3039
3698,1.2991
3699,1.3106
3700,1.2997
3701,1.3031
3702,1.3034
3703,1.296
3704,1.3005
3705,1.3059
3706,1.2934
3707,1.2888
3708,1.294
3709,1.2904
3710,1.2981
3711,1.2857
3712,1.2858
3713,1.2770000000000001
3714,1.2817
3715,1.2813
3716,1.2845
3717,1.2814
3718,1.2846
3719,1.2933
3720,1.301
3721,1.2995
3722,1.3083
3723,1.3057
3724,1.3111
3725,1.3103
3726,1.304
3727,1.3184
3728,1.3022
3729,1.3053
3730,1.3053
3731,1.306
3732,1.2996
3733,1.3018
3734,1.3005
3735,1.3030000000000002
3736,1.3093
3737,1.3167
3738,1.3175
3739,1.3063
3740,1.3114
3741,1.3075
3742,1.3073
3743,1.3154
3744,1.3033
3745,1.2985
3746,1.2968
3747,1.294
3748,1.288
3749,1.2874
3750,1.2829
3751,1.2887
3752,1.2909
3753,1.2852
3754,1.2931
3755,1.2934
3756,1.2929
3757,1.2871
3758,1.2936
3759,1.3047
3760,1.2997
3761,1.3074
3762,1.3082
3763,1.3094
3764,1.3243
3765,1.3216
3766,1.3257
3767,1.3305
3768,1.3332
3769,1.3366
3770,1.3348
3771,1.3376
3772,1.3401
3773,1.3277
3774,1.3219999999999998
3775,1.3124
3776,1.3130000000000002
3777,1.3097
3778,1.3012
3779,1.3043
3780,1.3015
3781,1.3063
3782,1.2978
3783,1.3006
3784,1.2918
3785,1.2830000000000001
3786,1.2868
3787,1.2787
3788,1.3023
3789,1.3114
3790,1.3065
3791,1.3069
3792,1.3159999999999998
3793,1.3119
3794,1.3105
3795,1.3142
3796,1.3186
3797,1.3221
3798,1.3196
3799,1.3291
3800,1.3281
3801,1.3265
3802,1.3262
3803,1.3301
3804,1.3206
3805,1.3281
3806,1.3258
3807,1.3309
3808,1.3339
3809,1.338
3810,1.3344
3811,1.3308
3812,1.3264
3813,1.3259
3814,1.3355
3815,1.3332
3816,1.334
3817,1.3419
3818,1.3365
3819,1.335
3820,1.3383
3821,1.3375
3822,1.3389
3823,1.3341
3824,1.3243
3825,1.3216
3826,1.3184
3827,1.3171
3828,1.3212
3829,1.3117
3830,1.3178
3831,1.3257
3832,1.3269
3833,1.3308
3834,1.33
3835,1.3303
3836,1.3336
3837,1.3354
3838,1.3529
3839,1.3529
3840,1.3522
3841,1.3497
3842,1.347
3843,1.3528
3844,1.348
3845,1.3521
3846,1.3519
3847,1.3534
3848,1.3587
3849,1.3617
3850,1.3554
3851,1.3574
3852,1.3575
3853,1.3518
3854,1.3527
3855,1.355
3856,1.3565
3857,1.3517
3858,1.3528
3859,1.3675
3860,1.3678
3861,1.3678
3862,1.3778
3863,1.3779
3864,1.3801
3865,1.3809
3866,1.3803
3867,1.3742
3868,1.3728
3869,1.3585
3870,1.3489
3871,1.3519
3872,1.3471
3873,1.3521
3874,1.3419999999999999
3875,1.3359999999999999
3876,1.3408
3877,1.3428
3878,1.3462
3879,1.3459999999999999
3880,1.3493
3881,1.3497
3882,1.3535
3883,1.3426
3884,1.3465
3885,1.3548
3886,1.3519
3887,1.3569
3888,1.3571
3889,1.3601
3890,1.3587
3891,1.3537
3892,1.3591
3893,1.3585
3894,1.3671
3895,1.3702
3896,1.3738
3897,1.3765
3898,1.3788
3899,1.3745
3900,1.3732
3901,1.3764
3902,1.3767
3903,1.3696
3904,1.3655
3905,1.3677
3906,1.3693
3907,1.3675
3908,1.3695
3909,1.3692
3910,1.374
3911,1.3798
3912,1.3774
3913,1.3745
3914,1.3655
3915,1.3587
3916,1.3634
3917,1.3614
3918,1.3581
3919,1.3607
3920,1.3665
3921,1.3668
3922,1.3681
3923,1.3604
3924,1.3617
3925,1.3524
3926,1.3562
3927,1.3558
3928,1.3548
3929,1.3694
3930,1.368
3931,1.3672
3932,1.3666
3933,1.3661
3934,1.355
3935,1.3487
3936,1.3531
3937,1.3515
3938,1.3531
3939,1.3588
3940,1.3638
3941,1.3634
3942,1.3637
3943,1.3592
3944,1.368
3945,1.3697
3946,1.3708
3947,1.3757
3948,1.3733
3949,1.3719999999999999
3950,1.374
3951,1.3734
3952,1.3742
3953,1.3685
3954,1.3707
3955,1.3806
3956,1.3729
3957,1.3738
3958,1.3732
3959,1.3859
3960,1.3869
3961,1.3869
3962,1.3864
3963,1.3906
3964,1.3859
3965,1.3908
3966,1.3923
3967,1.3934
3968,1.3829
3969,1.3775
3970,1.3796
3971,1.3840000000000001
3972,1.3824
3973,1.3793
3974,1.3744
3975,1.375
3976,1.3781
3977,1.3793
3978,1.3762
3979,1.3715
3980,1.3705
3981,1.3743
3982,1.3794
3983,1.3851
3984,1.3887
3985,1.3882
3986,1.382
3987,1.3813
3988,1.3813
3989,1.3814
3990,1.3818
3991,1.3793
3992,1.3804
3993,1.3816
3994,1.3827
3995,1.3832
3996,1.3848
3997,1.3811
3998,1.3869999999999998
3999,1.3865
4000,1.3869999999999998
4001,1.3876
4002,1.3928
4003,1.3912
4004,1.3852
4005,1.3754
4006,1.3757
4007,1.3701
4008,1.371
4009,1.371
4010,1.37
4011,1.3709
4012,1.3698
4013,1.3685
4014,1.3654
4015,1.3630000000000002
4016,1.3645
4017,1.3636
4018,1.3594
4019,1.3602
4020,1.3631
4021,1.3597
4022,1.3625
4023,1.3599
4024,1.3653
4025,1.3644
4026,1.3587
4027,1.3545
4028,1.3529
4029,1.3564
4030,1.3538
4031,1.357
4032,1.3543
4033,1.358
4034,1.3602
4035,1.3595
4036,1.3603
4037,1.3601
4038,1.3630000000000002
4039,1.3607
4040,1.3646
4041,1.3693
4042,1.3677
4043,1.3655
4044,1.3603
4045,1.3594
4046,1.3607
4047,1.3612
4048,1.3644
4049,1.3603
4050,1.3608
4051,1.3619
4052,1.3567
4053,1.3523
4054,1.3528
4055,1.3526
4056,1.3521
4057,1.3468
4058,1.3459999999999999
4059,1.3463
4060,1.3432
4061,1.3433
4062,1.341
4063,1.3393
4064,1.3388
4065,1.3423
4066,1.3419999999999999
4067,1.3375
4068,1.3379
4069,1.3364
4070,1.3412
4071,1.3384
4072,1.3367
4073,1.3368
4074,1.3369
4075,1.3392
4076,1.3361
4077,1.3321
4078,1.3263
4079,1.328
4080,1.3244
4081,1.3194
4082,1.3176
4083,1.3197
4084,1.3184
4085,1.3139
4086,1.3136
4087,1.3133
4088,1.3145
4089,1.2945
4090,1.2952
4091,1.2899
4092,1.2943
4093,1.2908
4094,1.2917
4095,1.2949
4096,1.2939
4097,1.2962
4098,1.2879
4099,1.2918
4100,1.2836
4101,1.2844
4102,1.2857
4103,1.2786
4104,1.2749
4105,1.2681
4106,1.2690000000000001
4107,1.2629
4108,1.2615
4109,1.2669
4110,1.251
4111,1.2645
4112,1.2678
4113,1.2721
4114,1.2681
4115,1.2613
4116,1.2693
4117,1.2657
4118,1.2802
4119,1.2796
4120,1.2761
4121,1.2808
4122,1.2722
4123,1.2642
4124,1.265
4125,1.2668
4126,1.2706
4127,1.2736
4128,1.2644
4129,1.2613
4130,1.253
4131,1.2489
4132,1.2549
4133,1.248
4134,1.2378
4135,1.2453
4136,1.242
4137,1.2479
4138,1.2431
4139,1.2482
4140,1.2525
4141,1.2452
4142,1.2534
4143,1.2538
4144,1.2545
4145,1.2387
4146,1.2439
4147,1.2477
4148,1.2508
4149,1.2474
4150,1.2441
4151,1.2475
4152,1.2379
4153,1.2313
4154,1.2378
4155,1.2289
4156,1.2318
4157,1.2367
4158,1.2443
4159,1.2385
4160,1.2458
4161,1.2441
4162,1.25
4163,1.2343
4164,1.2283
4165,1.2225
4166,1.2218
4167,1.2175
4168,1.2193
4169,1.2239
4170,1.2178
4171,1.2153
4172,1.2153
4173,1.2098
4174,1.2097
4175,1.2004
4176,1.1938
4177,1.1899
4178,1.1832
4179,1.1789
4180,1.1842
4181,1.1840000000000002
4182,1.1771
4183,1.1789
4184,1.1616
4185,1.1567
4186,1.1604
4187,1.1549
4188,1.1596
4189,1.1339
4190,1.1221
4191,1.1265
4192,1.1368
4193,1.1291
4194,1.1316
4195,1.1303
4196,1.1340000000000001
4197,1.1484
4198,1.1397
4199,1.1476
4200,1.1322
4201,1.1320000000000001
4202,1.1318
4203,1.1302
4204,1.141
4205,1.1398
4206,1.1404
4207,1.14162
4208,1.14009
4209,1.13619
4210,1.1375
4211,1.13325
4212,1.13411
4213,1.13611
4214,1.1195899999999999
4215,1.11868
4216,1.1182
4217,1.11763
4218,1.1074
4219,1.1026799999999999
4220,1.0849600000000001
4221,1.08616
4222,1.0697
4223,1.05407
4224,1.0607799999999998
4225,1.0476299999999998
4226,1.0577
4227,1.05915
4228,1.08876
4229,1.0638
4230,1.0804
4231,1.09623
4232,1.09241
4233,1.0962
4234,1.08894
4235,1.08962
4236,1.08124
4237,1.0746799999999999
4238,1.07589
4239,1.0883
4240,1.0995
4241,1.0922399999999999
4242,1.0822
4243,1.07867
4244,1.06476
4245,1.06013
4246,1.05751
4247,1.06524
4248,1.06771
4249,1.07745
4250,1.082
4251,1.07358
4252,1.0734
4253,1.0728
4254,1.0826
4255,1.0862
4256,1.08805
4257,1.0968
4258,1.1108
4259,1.123
4260,1.1211
4261,1.11466
4262,1.11948
4263,1.1346
4264,1.1266
4265,1.12065
4266,1.11568
4267,1.1216
4268,1.13477
4269,1.1402
4270,1.14459
4271,1.13094
4272,1.11537
4273,1.1108
4274,1.1122100000000001
4275,1.10121
4276,1.0978
4277,1.0875
4278,1.0902
4279,1.09398
4280,1.0981299999999998
4281,1.09259
4282,1.1151799999999998
4283,1.12683
4284,1.1243
4285,1.111
4286,1.12822
4287,1.1278
4288,1.1320000000000001
4289,1.12595
4290,1.1252
4291,1.1285
4292,1.1247
4293,1.1335
4294,1.1372
4295,1.13434
4296,1.1322
4297,1.1162
4298,1.1203
4299,1.12
4300,1.1169
4301,1.1229
4302,1.1144
4303,1.1048
4304,1.10873
4305,1.1067
4306,1.1049
4307,1.1024
4308,1.10683
4309,1.1025
4310,1.1145100000000001
4311,1.1011
4312,1.1003
4313,1.0942
4314,1.0875
4315,1.0849
4316,1.0824
4317,1.0935
4318,1.09138
4319,1.0998
4320,1.0978
4321,1.1094
4322,1.1055
4323,1.0981
4324,1.0927
4325,1.0986
4326,1.0947
4327,1.0888
4328,1.0902
4329,1.0931600000000001
4330,1.0963
4331,1.1014
4332,1.1034
4333,1.1165
4334,1.1146
4335,1.1104
4336,1.10809
4337,1.1033
4338,1.1127
4339,1.12022
4340,1.136
4341,1.158
4342,1.1467
4343,1.13232
4344,1.12626
4345,1.1183100000000001
4346,1.1229
4347,1.1298
4348,1.1222
4349,1.1123
4350,1.1138
4351,1.1169
4352,1.1205
4353,1.1202
4354,1.1283
4355,1.1336
4356,1.13132
4357,1.1267
4358,1.1278
4359,1.1420000000000001
4360,1.1301
4361,1.1194
4362,1.113
4363,1.1182
4364,1.1225
4365,1.11968
4366,1.1234
4367,1.12619
4368,1.1165
4369,1.1184399999999999
4370,1.12038
4371,1.1184
4372,1.12685
4373,1.1247
4374,1.1274
4375,1.13551
4376,1.1365399999999999
4377,1.13862
4378,1.1485
4379,1.13771
4380,1.13564
4381,1.13229
4382,1.13448
4383,1.1340000000000001
4384,1.11169
4385,1.0998
4386,1.105
4387,1.10384
4388,1.09182
4389,1.09806
4390,1.0996
4391,1.1008
4392,1.0965
4393,1.0862
4394,1.0881
4395,1.0741
4396,1.0758
4397,1.07134
4398,1.074
4399,1.0811
4400,1.07436
4401,1.06823
4402,1.0648
4403,1.06542
4404,1.0733
4405,1.0647
4406,1.06271
4407,1.0646
4408,1.0618100000000001
4409,1.0606
4410,1.05955
4411,1.05697
4412,1.0632
4413,1.062
4414,1.0955700000000002
4415,1.08699
4416,1.0847
4417,1.0888
4418,1.10291
4419,1.0937
4420,1.0991
4421,1.0996
4422,1.0913700000000002
4423,1.09165
4424,1.0804
4425,1.08661
4426,1.09248
4427,1.0954
4428,1.0922
4429,1.0952
4430,1.0963
4431,1.0972
4432,1.09324
4433,1.0931
4434,1.0864
4435,1.0864
4436,1.08311
4437,1.0744
4438,1.0786
4439,1.0925799999999999
4440,1.09172
4441,1.0859999999999999
4442,1.08461
4443,1.0872
4444,1.0857
4445,1.0913
4446,1.0889
4447,1.09134
4448,1.0880100000000001
4449,1.0883
4450,1.0793
4451,1.0852
4452,1.0855299999999999
4453,1.08969
4454,1.09502
4455,1.0831
4456,1.0892899999999999
4457,1.0917700000000001
4458,1.1105
4459,1.12
4460,1.1145200000000002
4461,1.12042
4462,1.1287
4463,1.1291
4464,1.1331
4465,1.12542
4466,1.11446
4467,1.11415
4468,1.11437
4469,1.1102299999999998
4470,1.1126
4471,1.10297
4472,1.10169
4473,1.1009200000000001
4474,1.1036
4475,1.0938
4476,1.0885799999999999
4477,1.08709
4478,1.0866
4479,1.0964
4480,1.09938
4481,1.1009
4482,1.10069
4483,1.10064
4484,1.11849
4485,1.11529
4486,1.1097
4487,1.111
4488,1.12248
4489,1.1316
4490,1.12681
4491,1.12494
4492,1.1219
4493,1.1181
4494,1.11753
4495,1.1162
4496,1.11999
4497,1.1302
4498,1.1336899999999999
4499,1.13845
4500,1.1394
4501,1.1396
4502,1.1381
4503,1.1405
4504,1.13724
4505,1.13996
4506,1.14057
4507,1.1393
4508,1.1286399999999999
4509,1.1262
4510,1.1285
4511,1.13142
4512,1.1368
4513,1.1298
4514,1.1293
4515,1.1229
4516,1.12626
4517,1.1281700000000001
4518,1.13125
4519,1.1352
4520,1.14465
4521,1.15182
4522,1.15055
4523,1.1493
4524,1.1401
4525,1.14018
4526,1.13847
4527,1.13691
4528,1.14234
4529,1.1371
4530,1.13188
4531,1.13195
4532,1.1319
4533,1.12195
4534,1.1202
4535,1.1214
4536,1.1214600000000001
4537,1.1140299999999999
4538,1.11604
4539,1.11901
4540,1.1113
4541,1.1134
4542,1.11338
4543,1.11923
4544,1.1147
4545,1.1351799999999999
4546,1.13656
4547,1.1359
4548,1.13943
4549,1.1329
4550,1.1261
4551,1.1289
4552,1.1207
4553,1.1265
4554,1.123
4555,1.12802
4556,1.1306
4557,1.1249
4558,1.1304
4559,1.13449
4560,1.11219
4561,1.10132
4562,1.1057
4563,1.1107
4564,1.1087
4565,1.1131
4566,1.1142
4567,1.1068
4568,1.11048
4569,1.1054
4570,1.10553
4571,1.10617
4572,1.10639
4573,1.1097
4574,1.1122100000000001
4575,1.1069799999999999
4576,1.1071600000000001
4577,1.10175
4578,1.1017299999999999
4579,1.10184
4580,1.0972600000000001
4581,1.09903
4582,1.09904
4583,1.10483
4584,1.1072600000000001
4585,1.11836
4586,1.11614
4587,1.12245
4588,1.1147
4589,1.11279
4590,1.10874
4591,1.10826
4592,1.11111
4593,1.11741
4594,1.11439
4595,1.11594
4596,1.1184
4597,1.12753
4598,1.12814
4599,1.13541
4600,1.13276
4601,1.1323
4602,1.1307
4603,1.12634
4604,1.12822
4605,1.11985
4606,1.11867
4607,1.1140299999999999
4608,1.11588
4609,1.11972
4610,1.11602
4611,1.11467
4612,1.1257
4613,1.1244
4614,1.1254
4615,1.12268
4616,1.1234
4617,1.12125
4618,1.12471
4619,1.12426
4620,1.11532
4621,1.11791
4622,1.11565
4623,1.11827
4624,1.1202
4625,1.12321
4626,1.12572
4627,1.1218299999999999
4628,1.12113
4629,1.12172
4630,1.12332
4631,1.1214600000000001
4632,1.11976
4633,1.1211200000000001
4634,1.1144
4635,1.1191
4636,1.1133
4637,1.1054
4638,1.1014
4639,1.1049
4640,1.0981
4641,1.10001
4642,1.09804
4643,1.09687
4644,1.09266
4645,1.08724
4646,1.08743
4647,1.08881
4648,1.09064
4649,1.09015
4650,1.0976
4651,1.0976299999999999
4652,1.10579
4653,1.1088
4654,1.11097
4655,1.11222
4656,1.10461
4657,1.1023399999999999
4658,1.09225
4659,1.08913
4660,1.0843399999999999
4661,1.0739
4662,1.07187
4663,1.0681
4664,1.06223
4665,1.05934
4666,1.06182
4667,1.0625200000000001
4668,1.05546
4669,1.05691
4670,1.05922
4671,1.0596
4672,1.06418
4673,1.05986
4674,1.06482
4675,1.06639
4676,1.0760399999999999
4677,1.07151
4678,1.0764
4679,1.0618100000000001
4680,1.0551
4681,1.06336
4682,1.0622
4683,1.05213
4684,1.0415
4685,1.0434
4686,1.04033
4687,1.03872
4688,1.04285
4689,1.04356
4690,1.04513
4691,1.04492
4692,1.0455
4693,1.0413
4694,1.04851
4695,1.05316
4696,1.0467899999999999
4697,1.04134
4698,1.04657
4699,1.0589
4700,1.05315
4701,1.05649
4702,1.05582
4703,1.0575
4704,1.06171
4705,1.06455
4706,1.0596700000000001
4707,1.0704
4708,1.06397
4709,1.0659100000000001
4710,1.06907
4711,1.0747200000000001
4712,1.07274
4713,1.07494
4714,1.06914
4715,1.06977
4716,1.0694
4717,1.0794700000000002
4718,1.07712
4719,1.0759
4720,1.0774299999999999
4721,1.07494
4722,1.06946
4723,1.06874
4724,1.0659
4725,1.06321
4726,1.0599299999999998
4727,1.05732
4728,1.0599
4729,1.06729
4730,1.06077
4731,1.06177
4732,1.05467
4733,1.05705
4734,1.0578
4735,1.05577
4736,1.05867
4737,1.0590700000000002
4738,1.05514
4739,1.0505200000000001
4740,1.06121
4741,1.05839
4742,1.05667
4743,1.0544200000000001
4744,1.05897
4745,1.06934
4746,1.0654
4747,1.0611
4748,1.0694700000000001
4749,1.0759299999999998
4750,1.07415
4751,1.07394
4752,1.08084
4753,1.0795
4754,1.07831
4755,1.08142
4756,1.08655
4757,1.08049
4758,1.0760100000000001
4759,1.0682399999999999
4760,1.06729
4761,1.0664799999999999
4762,1.06684
4763,1.06733
4764,1.06456
4765,1.0591
4766,1.0591
4767,1.06063
4768,1.06415
4769,1.0614700000000001
4770,1.0623
4771,1.06395
4772,1.07351
4773,1.07159
4774,1.0723200000000002
4775,1.06968
4776,1.08574
4777,1.0929
4778,1.08969
4779,1.0883
4780,1.08988
4781,1.0901299999999998
4782,1.09238
4783,1.08895
4784,1.09836
4785,1.09938
4786,1.0931799999999998
4787,1.08703
4788,1.0866200000000001
4789,1.0862
4790,1.0923399999999999
4791,1.09791
4792,1.10904
4793,1.11459
4794,1.1099700000000001
4795,1.1203299999999998
4796,1.12334
4797,1.1188
4798,1.12107
4799,1.12131
4800,1.1175
4801,1.11799
4802,1.11921
4803,1.1240700000000001
4804,1.12142
4805,1.12751
4806,1.12544
4807,1.12745
4808,1.12555
4809,1.12117
4810,1.11945
4811,1.1206
4812,1.1207
4813,1.11961
4814,1.11507
4815,1.11964
4816,1.11471
4817,1.1127200000000002
4818,1.1165
4819,1.1152799999999998
4820,1.1198299999999999
4821,1.1179299999999999
4822,1.13478
4823,1.13785
4824,1.1436
4825,1.1418
4826,1.13621
4827,1.1349200000000002
4828,1.1339
4829,1.1419700000000002
4830,1.14062
4831,1.14012
4832,1.14688
4833,1.14201
4834,1.1404
4835,1.1466
4836,1.14774
4837,1.15582
4838,1.15164
4839,1.1627100000000001
4840,1.1674799999999999
4841,1.1643700000000001
4842,1.1652
4843,1.1727
4844,1.16781
4845,1.17561
4846,1.1829
4847,1.18
4848,1.1859
4849,1.1865
4850,1.1771
4851,1.179
4852,1.1754
4853,1.1757
4854,1.1772
4855,1.1825
4856,1.1783
4857,1.1736
4858,1.1764
4859,1.1731
4860,1.1764
4861,1.1813
4862,1.1752
4863,1.1813
4864,1.1801
4865,1.1922
4866,1.1982
4867,1.1975
4868,1.189
4869,1.1901
4870,1.1865
4871,1.1907
4872,1.1916
4873,1.1911
4874,1.2003
4875,1.2036
4876,1.1963
4877,1.1964
4878,1.188
4879,1.1907
4880,1.1939
4881,1.1952
4882,1.1999
4883,1.1876
4884,1.1932
4885,1.1965
4886,1.1844
4887,1.1798
4888,1.1752
4889,1.1783
4890,1.1817
4891,1.1739
4892,1.1747
4893,1.1762
4894,1.1704
4895,1.173
4896,1.1752
4897,1.1815
4898,1.1863
4899,1.1836
4900,1.182
4901,1.1786
4902,1.1769
4903,1.1799
4904,1.1827
4905,1.1777
4906,1.1739
4907,1.177
4908,1.1809
4909,1.1651
4910,1.1602
4911,1.1641
4912,1.1652
4913,1.1624
4914,1.1659
4915,1.1602
4916,1.1606
4917,1.1586
4918,1.1594
4919,1.1645
4920,1.1666
4921,1.1667
4922,1.1795
4923,1.1791
4924,1.1775
4925,1.1801
4926,1.1735
4927,1.1740000000000002
4928,1.1817
4929,1.1847
4930,1.1928
4931,1.1898
4932,1.1836
4933,1.1858
4934,1.1903
4935,1.1892
4936,1.1851
4937,1.1814
4938,1.1791
4939,1.1774
4940,1.1765
4941,1.1788
4942,1.1738
4943,1.1815
4944,1.1791
4945,1.176
4946,1.1779
4947,1.1842
4948,1.1879
4949,1.1872
4950,1.1852
4951,1.1852
4952,1.1862
4953,1.1895
4954,1.1946
4955,1.2013
4956,1.2013
4957,1.2053
4958,1.2021
4959,1.2067
4960,1.2039
4961,1.1961
4962,1.1931
4963,1.196
4964,1.204
4965,1.2198
4966,1.2269
4967,1.2271
4968,1.2224
4969,1.2239
4970,1.2229999999999999
4971,1.2257
4972,1.2289
4973,1.2399
4974,1.2409
4975,1.2419
4976,1.2385
4977,1.2396
4978,1.2416
4979,1.2514
4980,1.2452
4981,1.2389
4982,1.2373
4983,1.2269
4984,1.2242
4985,1.2235
4986,1.229
4987,1.2352
4988,1.2446
4989,1.2506
4990,1.2406
4991,1.2405
4992,1.2335
4993,1.2293
4994,1.2326
4995,1.229
4996,1.2308
4997,1.2234
4998,1.2199
4999,1.2255
5000,1.2324
5001,1.2328
5002,1.24
5003,1.2403
5004,1.2301
5005,1.2306
5006,1.2337
5007,1.2395
5008,1.2371
5009,1.2301
5010,1.2287
5011,1.2339
5012,1.2254
5013,1.2334
5014,1.2306
5015,1.2358
5016,1.2453
5017,1.2402
5018,1.2308
5019,1.2304
5020,1.2323
5021,1.23
5022,1.227
5023,1.2281
5024,1.2232
5025,1.2288
5026,1.2318
5027,1.2359
5028,1.2362
5029,1.2329999999999999
5030,1.2338
5031,1.2375
5032,1.2364
5033,1.2372
5034,1.2345
5035,1.2281
5036,1.2205
5037,1.2236
5038,1.2175
5039,1.2105
5040,1.2123
5041,1.2082
5042,1.1995
5043,1.1946
5044,1.1994
5045,1.1962
5046,1.1924
5047,1.1859
5048,1.186
5049,1.1923
5050,1.1945
5051,1.1943
5052,1.1847
5053,1.1798
5054,1.1796
5055,1.1775
5056,1.1772
5057,1.1781
5058,1.1707
5059,1.1725
5060,1.1668
5061,1.1629
5062,1.1533
5063,1.1654
5064,1.1685
5065,1.166
5066,1.17
5067,1.1716
5068,1.1767
5069,1.1813
5070,1.1768
5071,1.1784
5072,1.1748
5073,1.1784
5074,1.1597
5075,1.1613
5076,1.1614
5077,1.1571
5078,1.1584
5079,1.162
5080,1.1659
5081,1.1707
5082,1.1649
5083,1.1546
5084,1.1558
5085,1.1672
5086,1.1642
5087,1.1652
5088,1.1647
5089,1.168
5090,1.1742
5091,1.1749
5092,1.1743
5093,1.1675
5094,1.1666
5095,1.1677
5096,1.1713
5097,1.166
5098,1.1647
5099,1.1643
5100,1.1723
5101,1.169
5102,1.1682
5103,1.1732
5104,1.1645
5105,1.1656
5106,1.1709
5107,1.1698
5108,1.1662
5109,1.1586
5110,1.1575
5111,1.1555
5112,1.1594
5113,1.1618
5114,1.1536
5115,1.1403
5116,1.1392
5117,1.1341
5118,1.1351
5119,1.1367
5120,1.1438
5121,1.1465
5122,1.1572
5123,1.1589
5124,1.1537
5125,1.1626
5126,1.1678
5127,1.1696
5128,1.1699
5129,1.1664
5130,1.1603
5131,1.1616
5132,1.1576
5133,1.1626
5134,1.1625
5135,1.1563
5136,1.1594
5137,1.1586
5138,1.1626
5139,1.1692
5140,1.1631
5141,1.1683
5142,1.1665
5143,1.1673
5144,1.1774
5145,1.175
5146,1.1757
5147,1.1768
5148,1.1762
5149,1.165
5150,1.1614
5151,1.1574
5152,1.1542
5153,1.1516
5154,1.1512
5155,1.1524
5156,1.1489
5157,1.1496
5158,1.1524
5159,1.1593
5160,1.1559
5161,1.1583
5162,1.1578
5163,1.1507
5164,1.1464
5165,1.1511
5166,1.1468
5167,1.1469
5168,1.1387
5169,1.1362
5170,1.1405
5171,1.1392
5172,1.1343
5173,1.1314
5174,1.1407
5175,1.138
5176,1.141
5177,1.1412
5178,1.1456
5179,1.1364
5180,1.133
5181,1.1241
5182,1.1273
5183,1.1336
5184,1.1348
5185,1.1409
5186,1.1454
5187,1.1364
5188,1.1391
5189,1.1406
5190,1.1332
5191,1.1329
5192,1.1291
5193,1.137
5194,1.1383
5195,1.1311
5196,1.1340000000000001
5197,1.1342
5198,1.1347
5199,1.138
5200,1.1412
5201,1.1352
5202,1.1326
5203,1.1366
5204,1.1366
5205,1.1306
5206,1.1348
5207,1.1353
5208,1.1379
5209,1.1469
5210,1.1371
5211,1.1415
5212,1.1398
5213,1.1355
5214,1.1445
5215,1.1441
5216,1.1445
5217,1.1424
5218,1.1341
5219,1.1396
5220,1.1396
5221,1.1476
5222,1.1439
5223,1.1540000000000001
5224,1.1497
5225,1.1462
5226,1.1464
5227,1.1407
5228,1.1399
5229,1.139
5230,1.1363
5231,1.1368
5232,1.1361
5233,1.1381
5234,1.13
5235,1.1406
5236,1.1426
5237,1.1433
5238,1.148
5239,1.1443
5240,1.1459
5241,1.1433
5242,1.141
5243,1.1363
5244,1.1351
5245,1.1324
5246,1.1276
5247,1.1332
5248,1.1266
5249,1.1299
5250,1.1298
5251,1.1308
5252,1.1335
5253,1.1347
5254,1.1328
5255,1.1333
5256,1.1362
5257,1.1394
5258,1.137
5259,1.1374
5260,1.1356
5261,1.1328
5262,1.1303
5263,1.131
5264,1.1186
5265,1.1238
5266,1.1239
5267,1.1304
5268,1.1332
5269,1.1299
5270,1.1321
5271,1.1335
5272,1.1352
5273,1.1423
5274,1.1357
5275,1.1294
5276,1.1318
5277,1.1275
5278,1.1259
5279,1.1224
5280,1.1222
5281,1.1211
5282,1.1194
5283,1.1239
5284,1.1221
5285,1.1216
5286,1.126
5287,1.1262
5288,1.1264
5289,1.1275
5290,1.1297
5291,1.13
5292,1.1285
5293,1.1299
5294,1.1228
5295,1.1244
5296,1.1259
5297,1.1215
5298,1.1146
5299,1.113
5300,1.1152
