Date,Open,High,Low,Close,Volume,CME_RB1_FWpo
5/9/2019,1.9748,1.9838,1.9457,1.9754,71367,114534
5/8/2019,1.9493,1.9775,1.9264,1.975,86693,119390
5/7/2019,1.996,1.9995,1.9293,1.9487,84662,129289
5/6/2019,2.0237,2.0237,1.9811,1.9966,78755,133277
5/3/2019,2.0116,2.0412,2.0105,2.0265,72119,138861
5/2/2019,2.0652,2.0658,1.9956,2.0183,71908,142578
5/1/2019,2.0528,2.0823,2.0414,2.0642,76513,155547
4/30/2019,2.04094,2.08402,2.03226,2.07808,70403,122685
4/29/2019,2.06582,2.06978,2.04204,2.05076,54982,96028
4/26/2019,2.10872,2.1167,2.0433,2.07888,60105,73648
4/25/2019,2.11782,2.14364,2.11222,2.12132,43356,58510
4/24/2019,2.1132,2.1332,2.1015,2.1285,39670,45632
4/23/2019,2.1389,2.1404,2.111,2.1316,45483,50955
4/22/2019,2.0722,2.1489,2.071,2.1298,41209,59946
4/18/2019,2.0484,2.0743,2.0359,2.0722,56275,74514
4/17/2019,2.0386,2.0521,2.0318,2.0418,72785,81600
4/16/2019,2.015,2.0387,1.993,2.0317,55228,84774
4/15/2019,2.0296,2.03,2.0045,2.0118,64567,89492
4/12/2019,2.0361,2.0493,2.0243,2.037,65034,91956
4/11/2019,2.0624,2.0638,2.015,2.0309,82895,99008
4/10/2019,2.0105,2.0702,2.0105,2.0692,91535,108354
4/9/2019,1.9881,2.0155,1.986,1.999,86249,125066
4/8/2019,1.98,1.9908,1.9707,1.988,75769,134409
4/5/2019,1.9338,1.9743,1.9216,1.9687,89934,140907
4/4/2019,1.9506,1.9558,1.9301,1.9399,66029,143091
4/3/2019,1.9291,1.9527,1.9219,1.9512,88134,141192
4/2/2019,1.9027,1.9308,1.8934,1.9285,63830,142538
4/1/2019,1.8827,1.906,1.8786,1.8989,61527,147957
3/29/2019,1.87638,1.90514,1.86782,1.88512,59128,119840
3/28/2019,1.87582,1.88,1.82034,1.8703,61157,93684
3/27/2019,1.93346,1.9365,1.87358,1.88662,54133,72375
3/26/2019,1.92666,1.96926,1.92466,1.94576,38825,50227
3/25/2019,1.9259,1.9451,1.902,1.9379,28901,37180
3/22/2019,1.9275,1.9366,1.8951,1.9259,34188,45605
3/21/2019,1.9067,1.9329,1.9034,1.9203,37195,50929
3/20/2019,1.893,1.919,1.8787,1.9166,44288,55113
3/19/2019,1.8802,1.898,1.87,1.8931,36322,58895
3/18/2019,1.8535,1.8969,1.8455,1.8828,51014,63469
3/15/2019,1.848,1.8655,1.8218,1.8577,67242,69813
3/14/2019,1.873,1.8822,1.843,1.8495,75371,77886
3/13/2019,1.8222,1.8752,1.8203,1.8568,98207,93446
3/12/2019,1.8251,1.8397,1.8116,1.8155,66907,97504
3/11/2019,1.7976,1.8369,1.7976,1.826,75236,102457
3/8/2019,1.7944,1.8047,1.739,1.8017,105979,110435
3/7/2019,1.7845,1.816,1.7845,1.8054,74123,116944
3/6/2019,1.7604,1.7919,1.7524,1.789,84102,122036
3/5/2019,1.7474,1.7735,1.7387,1.7674,56321,128406
3/4/2019,1.7285,1.766,1.7285,1.749,58170,133043
3/1/2019,1.7521,1.772,1.7124,1.7303,63786,133259
2/28/2019,1.73052,1.74148,1.71456,1.7277,45554,108705
2/27/2019,1.68118,1.71402,1.67134,1.70996,51679,85214
2/26/2019,1.61232,1.65584,1.60318,1.6415,39980,68238
2/25/2019,1.62772,1.64642,1.5751,1.5769,29775,56296
2/22/2019,1.61,1.6263,1.6027,1.6112,31955,45593
2/21/2019,1.6,1.6188,1.5891,1.6144,42886,50583
2/20/2019,1.5643,1.601,1.5506,1.5981,30144,52594
2/19/2019,1.5728,1.5862,1.5532,1.5638,48987,66966
2/15/2019,1.511,1.5768,1.5075,1.5729,92634,83828
2/14/2019,1.4687,1.5142,1.4652,1.5085,78641,88045
2/13/2019,1.4331,1.4718,1.4285,1.4651,77965,96965
2/12/2019,1.4208,1.4703,1.4181,1.4272,70506,110544
2/11/2019,1.4416,1.454,1.4072,1.4192,68654,117720
2/8/2019,1.4248,1.4525,1.4051,1.4464,89704,116600
2/7/2019,1.4534,1.4583,1.3925,1.4258,89894,129317
2/6/2019,1.4241,1.462,1.398,1.4591,75622,134860
2/5/2019,1.4395,1.451,1.4109,1.4259,70685,136009
2/4/2019,1.4351,1.4871,1.4074,1.4323,81001,144566
2/1/2019,1.386,1.4398,1.3749,1.4369,71712,144131
1/31/2019,1.40882,1.42782,1.37032,1.37462,76085,121478
1/30/2019,1.36444,1.41918,1.35598,1.39448,65172,95030
1/29/2019,1.34446,1.38806,1.3327,1.35942,42259,74223
1/28/2019,1.38894,1.3932,1.32666,1.33684,39399,60186
1/25/2019,1.3891,1.4036,1.376,1.3894,20708,46766
1/24/2019,1.3834,1.3996,1.3738,1.3876,22453,54017
1/23/2019,1.4061,1.4135,1.3623,1.3857,27473,63085
1/22/2019,1.4435,1.4577,1.3907,1.4015,32498,70075
1/18/2019,1.4281,1.4677,1.4234,1.4528,48269,75526
1/17/2019,1.414,1.4362,1.3827,1.43,63358,81389
1/16/2019,1.4125,1.4244,1.3752,1.4159,74263,89057
1/15/2019,1.3693,1.4162,1.3693,1.4114,61600,96166
1/14/2019,1.408,1.4182,1.3605,1.3638,60862,102994
1/11/2019,1.4215,1.4468,1.3947,1.4007,65769,113582
1/10/2019,1.4265,1.44,1.4087,1.4307,61594,116090
1/9/2019,1.3617,1.4348,1.3616,1.4254,69819,118137
1/8/2019,1.3466,1.3722,1.3385,1.3626,71019,116415
1/7/2019,1.356,1.3945,1.3389,1.3408,74264,120856
1/4/2019,1.3364,1.3981,1.3293,1.3478,59757,126342
1/3/2019,1.316,1.3677,1.3016,1.3495,52559,134015
1/2/2019,1.3136,1.379,1.2685,1.3256,84334,133863
12/31/2018,1.30002,1.3482,1.28258,1.30642,30881,109419
12/28/2018,1.30876,1.3321,1.28304,1.31132,39245,86091
12/27/2018,1.33774,1.33958,1.28084,1.2964,36338,64713
12/26/2018,1.25868,1.3486,1.24186,1.3283,42515,51651
12/24/2018,1.3115,1.3292,1.2455,1.2488,15526,38355
12/21/2018,1.3349,1.3457,1.2936,1.3183,27730,48071
12/20/2018,1.37,1.3855,1.3201,1.3224,30141,54458
12/19/2018,1.3425,1.4063,1.3425,1.3863,35303,61891
12/18/2018,1.3953,1.4049,1.3388,1.3505,58166,67761
12/17/2018,1.4362,1.4575,1.3932,1.4104,51717,76610
12/14/2018,1.4801,1.4828,1.4263,1.4343,54659,87620
12/13/2018,1.4223,1.489,1.4084,1.4782,72609,93812
12/12/2018,1.45,1.4732,1.4153,1.4204,69625,106778
12/11/2018,1.4232,1.4566,1.4158,1.4398,64728,112824
12/10/2018,1.464,1.487,1.4141,1.4189,69921,124211
12/7/2018,1.441,1.5177,1.4115,1.4858,76821,131188
12/6/2018,1.4426,1.4517,1.3747,1.4334,74567,139019
12/5/2018,1.4256,1.491,1.4109,1.4456,53819,141399
12/4/2018,1.4392,1.4779,1.4215,1.4434,68869,148710
12/3/2018,1.4126,1.4781,1.4126,1.4314,70167,151295
11/30/2018,1.42742,1.44272,1.38856,1.40978,62785,126354
11/29/2018,1.3818,1.4505,1.3621,1.43982,53922,97842
11/28/2018,1.43206,1.44228,1.38426,1.3901,39052,73821
11/27/2018,1.43642,1.45246,1.3955,1.41744,36049,58854
11/26/2018,1.3917,1.4626,1.389,1.4426,23814,43927
11/23/2018,1.5019,1.5097,1.3838,1.3913,21709,49527
11/21/2018,1.4967,1.5425,1.4959,1.5107,27153,56922
11/20/2018,1.5801,1.586,1.478,1.4959,33428,63594
11/19/2018,1.5778,1.5934,1.5419,1.5829,45596,69046
11/16/2018,1.5555,1.6104,1.5513,1.577,52376,77196
11/15/2018,1.5476,1.5837,1.5445,1.5566,51312,84411
11/14/2018,1.5393,1.5878,1.5297,1.5606,61785,91875
11/13/2018,1.6166,1.6299,1.524,1.5427,69467,99429
11/12/2018,1.635,1.6617,1.6114,1.6367,62962,107959
11/9/2018,1.6483,1.6514,1.5984,1.6214,68891,118295
11/8/2018,1.6473,1.6706,1.6343,1.6443,72807,122606
11/7/2018,1.6779,1.7049,1.6382,1.6474,71833,127860
11/6/2018,1.6819,1.7014,1.661,1.694,62965,128155
11/5/2018,1.7085,1.722,1.6774,1.6919,56046,132811
11/2/2018,1.7117,1.7298,1.6959,1.7083,58104,138292
11/1/2018,1.7445,1.7574,1.6889,1.7165,81716,141499
10/31/2018,1.80736,1.83288,1.74586,1.75472,64390,113096
10/30/2018,1.80698,1.82658,1.78874,1.80374,47114,87369
10/29/2018,1.81014,1.83676,1.7934,1.8233,32857,67946
10/26/2018,1.80528,1.8218,1.76648,1.8144,37347,52856
10/25/2018,1.7996,1.8295,1.7946,1.8129,29386,38830
10/24/2018,1.8294,1.862,1.797,1.8223,28325,49018
10/23/2018,1.9096,1.9139,1.8235,1.8368,29973,56259
10/22/2018,1.9151,1.9237,1.8783,1.9067,38548,63771
10/19/2018,1.8911,1.9354,1.8896,1.9139,30091,67537
10/18/2018,1.9253,1.9264,1.8803,1.8911,41198,69693
10/17/2018,1.9854,1.9931,1.912,1.9187,53614,72674
10/16/2018,1.9408,1.9915,1.9296,1.9773,56059,78176
10/15/2018,1.9508,1.9681,1.914,1.9443,47022,82916
10/12/2018,1.934,1.9814,1.9081,1.942,67712,91941
10/11/2018,1.998,2.0014,1.9236,1.9327,77027,104008
10/10/2018,2.07,2.0844,1.9904,2.0204,81775,118870
10/9/2018,2.0841,2.0998,2.0584,2.0774,88142,132227
10/8/2018,2.0876,2.0974,2.0484,2.0937,91167,144658
10/5/2018,2.1105,2.1167,2.0801,2.0861,71799,157837
10/4/2018,2.1354,2.136,2.0825,2.1004,58885,164482
10/3/2018,2.1273,2.15,2.0973,2.1378,66460,170283
10/2/2018,2.1335,2.1373,2.1171,2.1269,60888,174947
10/1/2018,2.0908,2.1384,2.0791,2.1275,65199,178840
9/28/2018,2.07416,2.10952,2.06632,2.0888,67400,144275
9/27/2018,2.062,2.07828,2.05058,2.0743,46062,112155
9/26/2018,2.05474,2.06666,2.04388,2.05358,41629,85404
9/25/2018,2.0576,2.07262,2.05346,2.06526,40025,65459
9/24/2018,2.021,2.0653,2.0193,2.0547,29028,46547
9/21/2018,2.0163,2.0524,2.0063,2.0171,32462,52064
9/20/2018,2.023,2.0354,2.0071,2.0146,22054,55410
9/19/2018,2.005,2.0255,1.9978,2.0207,26494,62304
9/18/2018,1.9736,2.0252,1.9643,2.0049,35027,69847
9/17/2018,1.9699,2.0052,1.9699,1.9768,64148,75635
9/14/2018,1.9987,2.0016,1.9604,1.9702,82093,94052
9/13/2018,2.0355,2.0362,1.98,1.9929,69783,100656
9/12/2018,2.0197,2.0424,2.0121,2.0348,75202,110853
9/11/2018,1.9595,2.0245,1.9595,2.0142,87541,118460
9/10/2018,1.9749,1.9998,1.9564,1.9592,76332,132213
9/7/2018,1.9555,1.978,1.9349,1.97,87895,134719
9/6/2018,1.9626,1.9845,1.926,1.951,81622,138030
9/5/2018,1.9918,1.9963,1.955,1.9648,85742,147878
9/4/2018,1.9963,2.0626,1.9798,1.9942,117002,157753
8/31/2018,2.0335,2.04862,2.01328,2.02634,62221,126218
8/30/2018,2.04624,2.07076,2.0434,2.0628,53052,100488
8/29/2018,2.03538,2.07348,2.02458,2.06352,42801,75681
8/28/2018,2.06764,2.0809,2.05032,2.05798,37894,59867
8/27/2018,2.0735,2.0955,2.0693,2.0896,18072,43958
8/24/2018,2.0624,2.0888,2.0598,2.0779,25590,52094
8/23/2018,2.0694,2.0715,2.0456,2.0592,23419,56680
8/22/2018,2.0222,2.0747,2.0211,2.068,37723,59107
8/21/2018,2.0108,2.0386,2.0108,2.0179,34359,63135
8/20/2018,1.9805,2.0216,1.9724,2.0151,57588,67572
8/17/2018,1.9872,2.0085,1.9747,1.9809,56848,78888
8/16/2018,1.991,2.0044,1.9671,1.9874,66650,86949
8/15/2018,2.0259,2.0426,1.9856,1.9974,69708,95621
8/14/2018,2.0275,2.0689,2.0244,2.0341,71181,98748
8/13/2018,2.0411,2.0449,1.98,2.0147,73927,102098
8/10/2018,2.0015,2.0515,1.9934,2.0392,83297,110200
8/9/2018,2.018,2.0224,1.9945,1.9999,89473,122948
8/8/2018,2.0935,2.0985,2.0067,2.0195,118271,139865
8/7/2018,2.0641,2.1056,2.0596,2.104,73186,145066
8/6/2018,2.0664,2.0847,2.0523,2.0651,73212,155167
8/3/2018,2.0631,2.0906,2.0547,2.0655,80097,159292
8/2/2018,2.0461,2.0837,2.0226,2.0681,80044,163657
8/1/2018,2.0773,2.0807,2.038,2.0451,75369,166998
7/31/2018,2.12232,2.12542,2.07364,2.09022,69060,130163
7/30/2018,2.13748,2.1486,2.12554,2.13204,51083,98293
7/27/2018,2.14148,2.1656,2.1356,2.14226,42510,72665
7/26/2018,2.11348,2.15822,2.1122,2.15316,47083,54414
7/25/2018,2.1094,2.1277,2.092,2.1231,24531,37312
7/24/2018,2.091,2.1239,2.0856,2.0956,38817,43989
7/23/2018,2.065,2.1043,2.0556,2.0914,29448,49548
7/20/2018,2.0491,2.0808,2.0435,2.069,30441,54726
7/19/2018,2.0497,2.058,2.0172,2.0435,28896,59131
7/18/2018,2.0135,2.0571,2.0039,2.0444,45166,65915
7/17/2018,2.006,2.0283,1.9982,2.0261,55809,74401
7/16/2018,2.0955,2.1065,2.0003,2.0022,62623,86136
7/13/2018,2.0721,2.1181,2.0475,2.1067,70029,96296
7/12/2018,2.062,2.0888,2.0438,2.0717,60900,105251
7/11/2018,2.1695,2.1695,2.0521,2.0614,68766,110386
7/10/2018,2.152,2.1749,2.1469,2.1603,55723,116594
7/9/2018,2.1075,2.1555,2.1066,2.1485,57327,119110
7/6/2018,2.1355,2.1355,2.0952,2.1085,67024,129483
7/5/2018,2.1198,2.1508,2.1131,2.1293,71564,132207
7/3/2018,2.1043,2.135,2.0907,2.1176,52708,133753
7/2/2018,2.1468,2.1468,2.1023,2.1048,48485,136173
6/29/2018,2.11102,2.16412,2.0978,2.15678,54957,110359
6/28/2018,2.10622,2.136,2.10504,2.11646,46884,87310
6/27/2018,2.08056,2.13018,2.06916,2.12428,48553,68790
6/26/2018,2.04838,2.0841,2.02538,2.07102,34818,56116
6/25/2018,2.0652,2.0672,2.0385,2.0515,26920,46134
6/22/2018,2.0175,2.0732,2.0133,2.0705,34572,54402
6/21/2018,2.018,2.0262,1.9975,2.0123,34814,62032
6/20/2018,2.0292,2.0506,2.0034,2.0235,40633,71375
6/19/2018,2.0524,2.0531,2.0249,2.0379,51452,77962
6/18/2018,2.0151,2.06,2.0055,2.0546,46740,83133
6/15/2018,2.0934,2.0959,2.0135,2.0232,53472,91640
6/14/2018,2.1208,2.1236,2.0853,2.091,59423,100950
6/13/2018,2.0815,2.1303,2.071,2.1252,86699,106782
6/12/2018,2.105,2.1171,2.0778,2.0899,59061,112686
6/11/2018,2.1125,2.1154,2.0839,2.1049,59665,122515
6/8/2018,2.1176,2.1264,2.0952,2.1153,79932,130790
6/7/2018,2.0772,2.1208,2.0758,2.1148,92664,141766
6/6/2018,2.0936,2.1185,2.0554,2.07,95440,157737
6/5/2018,2.1247,2.1332,2.0842,2.1062,74484,164809
6/4/2018,2.14,2.1502,2.1079,2.1224,72140,169329
6/1/2018,2.1656,2.1724,2.1316,2.1434,68306,176765
5/31/2018,2.18092,2.20074,2.144,2.16046,72544,143206
5/30/2018,2.14178,2.18836,2.13176,2.17712,58529,112257
5/29/2018,2.16966,2.17146,2.12714,2.1413,51485,86852
5/25/2018,2.23144,2.23444,2.16852,2.17998,44912,69185
5/24/2018,2.2588,2.2616,2.2297,2.2338,34840,52995
5/23/2018,2.2592,2.2625,2.2248,2.2601,34143,62715
5/22/2018,2.2629,2.2855,2.2538,2.2702,36667,67439
5/21/2018,2.2333,2.2639,2.2246,2.2565,32874,72939
5/18/2018,2.2489,2.2624,2.2295,2.2333,48569,83409
5/17/2018,2.2499,2.2773,2.2407,2.2431,66565,93300
5/16/2018,2.1998,2.2528,2.1939,2.2499,81123,98371
5/15/2018,2.205,2.2226,2.1854,2.2048,73644,105102
5/14/2018,2.1852,2.2053,2.1676,2.2002,61426,115049
5/11/2018,2.1909,2.1959,2.18,2.1888,72883,124659
5/10/2018,2.1691,2.1937,2.1597,2.189,75878,128332
5/9/2018,2.1334,2.171,2.1274,2.1673,76997,135822
5/8/2018,2.1221,2.1367,2.0612,2.1114,89100,141368
5/7/2018,2.1174,2.1409,2.1109,2.134,61437,149336
5/4/2018,2.095,2.1238,2.0821,2.114,67824,155304
5/3/2018,2.0711,2.0936,2.0529,2.0875,72871,161215
5/2/2018,2.0796,2.0921,2.0564,2.0798,94482,168043
5/1/2018,2.13,2.132,2.0729,2.0876,73625,171505
4/30/2018,2.12708,2.15136,2.09782,2.13048,63621,136937
4/27/2018,2.11676,2.12944,2.10656,2.1275,55952,106838
4/26/2018,2.09218,2.11724,2.08914,2.11402,45096,80696
4/25/2018,2.09618,2.09938,2.07048,2.09074,40039,61500
4/24/2018,2.1346,2.1354,2.0856,2.0949,33172,45891
4/23/2018,2.0925,2.1367,2.074,2.1237,37682,52469
4/20/2018,2.0772,2.0987,2.0605,2.0959,34677,60493
4/19/2018,2.074,2.0928,2.0665,2.0774,31061,66868
4/18/2018,2.046,2.0783,2.0433,2.0683,41114,73007
4/17/2018,2.0457,2.0503,2.0253,2.0412,65052,81753
4/16/2018,2.0653,2.0688,2.0323,2.0399,51085,88706
4/13/2018,2.0598,2.0707,2.036,2.0654,58982,96440
4/12/2018,2.0637,2.0722,2.0392,2.0546,60745,104815
4/11/2018,2.0329,2.0788,2.0235,2.0676,82370,109113
4/10/2018,1.9804,2.046,1.9766,2.0409,76738,112267
4/9/2018,1.9525,1.9908,1.9494,1.9842,65705,122306
4/6/2018,1.988,1.9902,1.9383,1.9547,92922,137992
4/5/2018,1.9875,1.9913,1.9632,1.9816,53036,142688
4/4/2018,1.9741,1.9869,1.9363,1.9768,68420,148357
4/3/2018,1.9676,1.9981,1.9676,1.9741,58224,156008
4/2/2018,2.021,2.0331,1.9629,1.9661,57672,162803
3/29/2018,2.02308,2.0376,2.00888,2.02006,55470,135382
3/28/2018,2.01464,2.03138,1.99824,2.01616,50351,105592
3/27/2018,2.01366,2.03684,2.00162,2.0165,39336,79677
3/26/2018,2.0287,2.04794,2.00424,2.01238,40823,63659
3/23/2018,2.0049,2.0438,2.0049,2.0336,28236,45439
3/22/2018,2.0177,2.0227,1.9885,2.0096,24195,51389
3/21/2018,1.9723,2.0209,1.9666,2.0122,26791,52651
3/20/2018,1.9291,1.9778,1.9283,1.9659,30037,57909
3/19/2018,1.9421,1.9525,1.9204,1.9249,31053,63582
3/16/2018,1.9196,1.9542,1.9081,1.9459,54295,73728
3/15/2018,1.9206,1.9371,1.9111,1.9248,45516,78351
3/14/2018,1.8917,1.926,1.8835,1.9243,61689,82977
3/13/2018,1.898,1.9077,1.8574,1.8863,56607,87801
3/12/2018,1.9004,1.9031,1.8649,1.894,49506,95829
3/9/2018,1.872,1.9147,1.8693,1.9043,66515,102920
3/8/2018,1.9187,1.9209,1.8644,1.8677,75923,111298
3/7/2018,1.9373,1.9486,1.8985,1.9103,84899,114825
3/6/2018,1.934,1.9443,1.9157,1.9331,58172,124515
3/5/2018,1.9144,1.9382,1.8841,1.9349,54857,129887
3/2/2018,1.8935,1.9135,1.8566,1.9014,68006,134804
3/1/2018,1.9264,1.9335,1.8777,1.8964,71014,138443
2/28/2018,1.9417,1.94928,1.88274,1.89122,58048,112429
2/27/2018,1.93568,1.93572,1.9036,1.91194,46904,88171
2/26/2018,1.8868,1.90534,1.8739,1.89714,36725,70985
2/23/2018,1.80446,1.84968,1.7918,1.84472,35955,58937
2/22/2018,1.7516,1.7731,1.7361,1.7657,30608,45940
2/21/2018,1.749,1.7594,1.73,1.7573,25370,51942
2/20/2018,1.7489,1.7844,1.7442,1.7503,31570,57962
2/16/2018,1.7426,1.7581,1.7284,1.7509,39339,62456
2/15/2018,1.7128,1.7431,1.6991,1.7358,50589,69721
2/14/2018,1.6735,1.7243,1.6553,1.713,60039,79650
2/13/2018,1.6802,1.6946,1.6519,1.6853,76368,87004
2/12/2018,1.7029,1.7392,1.6743,1.6785,73322,96560
2/9/2018,1.7487,1.7736,1.6704,1.7002,102785,111439
2/8/2018,1.7655,1.775,1.7456,1.765,71289,122473
2/7/2018,1.8177,1.8277,1.7535,1.766,87412,134005
2/6/2018,1.8344,1.8377,1.8003,1.8052,84444,147966
2/5/2018,1.872,1.88,1.8302,1.8466,77238,153532
2/2/2018,1.9014,1.9074,1.8428,1.872,72047,162188
2/1/2018,1.8947,1.9099,1.8781,1.8958,80216,167292
1/31/2018,1.86172,1.90106,1.85306,1.89646,74201,139927
1/30/2018,1.92352,1.93224,1.86334,1.88058,64660,110687
1/29/2018,1.93792,1.9421,1.91194,1.92734,41557,80369
1/26/2018,1.90244,1.94866,1.90132,1.93542,44071,56308
1/25/2018,1.9209,1.9314,1.9041,1.9154,30780,33852
1/24/2018,1.9069,1.9273,1.8854,1.9164,42258,43220
1/23/2018,1.8884,1.915,1.8827,1.9087,26435,47616
1/22/2018,1.8664,1.888,1.86,1.8801,29641,53233
1/19/2018,1.881,1.8825,1.8492,1.8636,44811,62292
1/18/2018,1.8718,1.8859,1.8522,1.8835,61140,70330
1/17/2018,1.8411,1.8714,1.8269,1.8584,54949,69290
1/16/2018,1.85,1.8599,1.8285,1.8384,64199,72617
1/12/2018,1.8354,1.8525,1.8204,1.8495,66782,81775
1/11/2018,1.8343,1.8602,1.8285,1.837,72206,95120
1/10/2018,1.8451,1.8513,1.82,1.8327,76388,103359
1/9/2018,1.7984,1.8468,1.7961,1.8362,83268,108522
1/8/2018,1.7892,1.7995,1.7807,1.7918,63652,122831
1/5/2018,1.8095,1.8099,1.7806,1.7858,54402,129225
1/4/2018,1.8066,1.8111,1.7771,1.8067,67298,133374
1/3/2018,1.7601,1.8085,1.7588,1.7974,64365,139251
1/2/2018,1.793,1.8038,1.7604,1.7631,64894,142872
12/29/2017,1.79264,1.80398,1.7853,1.79648,35776,116896
12/28/2017,1.78814,1.79688,1.78206,1.79396,34321,92320
12/27/2017,1.78868,1.79524,1.76058,1.79302,30738,68321
12/26/2017,1.7543,1.81098,1.7473,1.78784,28341,48825
12/22/2017,1.7449,1.7635,1.732,1.7623,32689,38101
12/21/2017,1.7369,1.7517,1.7278,1.7476,33510,48371
12/20/2017,1.6992,1.7388,1.6973,1.7353,38501,59945
12/19/2017,1.6747,1.702,1.6718,1.6966,29535,67113
12/18/2017,1.6555,1.6857,1.6535,1.6725,40480,75483
12/15/2017,1.675,1.6873,1.6533,1.6548,52154,84437
12/14/2017,1.6537,1.6816,1.6469,1.6707,60675,90593
12/13/2017,1.7033,1.7144,1.6438,1.6467,77342,102518
12/12/2017,1.7266,1.7589,1.6911,1.6976,64646,107219
12/11/2017,1.7158,1.7368,1.7064,1.7266,57075,116241
12/8/2017,1.698,1.7337,1.6938,1.7166,65128,122636
12/7/2017,1.6667,1.7026,1.662,1.7,73494,135391
12/6/2017,1.7007,1.7108,1.66,1.6609,83188,152175
12/5/2017,1.6935,1.7323,1.6894,1.7184,73231,157640
12/4/2017,1.7365,1.7392,1.6908,1.6922,64078,169971
12/1/2017,1.7321,1.77,1.7315,1.7416,66867,174982
11/30/2017,1.73608,1.75786,1.71816,1.72968,52235,143411
11/29/2017,1.76496,1.77668,1.72806,1.7327,57278,114266
11/28/2017,1.78878,1.78896,1.7606,1.77064,40159,88405
11/27/2017,1.78458,1.79784,1.77526,1.78846,44934,72320
11/24/2017,1.7635,1.7948,1.7615,1.788,13356,50187
11/22/2017,1.7661,1.7825,1.76,1.7679,31073,61369
11/21/2017,1.7406,1.7753,1.7387,1.7731,31921,66306
11/20/2017,1.7455,1.7479,1.7174,1.7438,27689,73663
11/17/2017,1.7188,1.7523,1.7169,1.7447,45002,82592
11/16/2017,1.7324,1.743,1.7121,1.7137,47813,88405
11/15/2017,1.7348,1.752,1.7262,1.7388,58694,93425
11/14/2017,1.7881,1.7886,1.7325,1.7612,64058,99664
11/13/2017,1.8284,1.8326,1.7854,1.7929,68704,107071
11/10/2017,1.8187,1.8336,1.807,1.8124,75509,122417
11/9/2017,1.8272,1.8345,1.8106,1.8197,69780,131525
11/8/2017,1.806,1.8402,1.7963,1.8213,86032,139092
11/7/2017,1.8247,1.835,1.8025,1.8153,79104,146715
11/6/2017,1.7902,1.839,1.7767,1.83,65354,150433
11/3/2017,1.7812,1.7998,1.7687,1.7934,77050,158164
11/2/2017,1.746,1.7874,1.734,1.7697,78043,161419
11/1/2017,1.7489,1.7708,1.7335,1.741,79553,159359
10/31/2017,1.72526,1.75634,1.71146,1.74192,64363,128135
10/30/2017,1.74488,1.7486,1.71956,1.73356,50622,101640
10/27/2017,1.73274,1.75494,1.71454,1.74812,39141,77620
10/26/2017,1.7252,1.7473,1.70156,1.74082,42629,57985
10/25/2017,1.7334,1.7429,1.7004,1.7348,34105,43601
10/24/2017,1.6748,1.7355,1.6659,1.7155,32927,51720
10/23/2017,1.6841,1.6915,1.6725,1.6783,30176,58498
10/20/2017,1.6459,1.6847,1.6288,1.6781,36592,65184
10/19/2017,1.6502,1.6588,1.6255,1.6447,37241,71876
10/18/2017,1.6312,1.6553,1.6183,1.6429,45686,73421
10/17/2017,1.6195,1.6394,1.6089,1.6301,44575,76663
10/16/2017,1.6222,1.6463,1.6144,1.6169,44342,84440
10/13/2017,1.5855,1.6276,1.584,1.6222,53431,89237
10/12/2017,1.6083,1.612,1.5697,1.5832,57473,96010
10/11/2017,1.5935,1.6138,1.5878,1.6092,58874,104622
10/10/2017,1.5551,1.5971,1.5545,1.5915,51754,110560
10/9/2017,1.5575,1.5666,1.5366,1.5594,50998,117825
10/6/2017,1.6192,1.6308,1.549,1.5588,84261,130221
10/5/2017,1.5815,1.633,1.5764,1.6114,67909,135404
10/4/2017,1.5491,1.5899,1.5428,1.5805,64645,138623
10/3/2017,1.5553,1.5696,1.5423,1.5655,55381,143933
10/2/2017,1.5875,1.5915,1.5421,1.5553,63727,154656
9/29/2017,1.6201,1.62702,1.58562,1.5941,50747,127520
9/28/2017,1.6185,1.63732,1.6048,1.6216,50104,99612
9/27/2017,1.67504,1.67848,1.62274,1.6412,48808,76160
9/26/2017,1.71918,1.7318,1.67364,1.68886,43069,57122
9/25/2017,1.67,1.7302,1.6631,1.722,34778,42764
9/22/2017,1.6445,1.6695,1.6438,1.6684,25591,49847
9/21/2017,1.6505,1.6558,1.6205,1.6438,36792,57294
9/20/2017,1.663,1.6688,1.6419,1.6551,31423,61621
9/19/2017,1.6704,1.6767,1.6424,1.655,27552,63962
9/18/2017,1.6615,1.6783,1.6542,1.6686,45952,68934
9/15/2017,1.626,1.6675,1.615,1.6617,63224,77443
9/14/2017,1.6461,1.6566,1.6232,1.6287,74761,85935
9/13/2017,1.6584,1.6741,1.6403,1.6473,81613,96029
9/12/2017,1.6354,1.6673,1.6252,1.6563,68289,99528
9/11/2017,1.6497,1.6581,1.6006,1.6345,70850,104900
9/8/2017,1.6557,1.6734,1.6336,1.6476,73487,109744
9/7/2017,1.6713,1.6937,1.6425,1.661,88105,115952
9/6/2017,1.6835,1.694,1.643,1.6733,109061,130436
9/5/2017,1.7509,1.7509,1.6579,1.6991,117467,139156
9/1/2017,1.7744,1.7832,1.696,1.7479,131095,129687
8/31/2017,1.69984,1.8601,1.69458,1.85134,141819,105104
8/30/2017,1.69906,1.77076,1.68556,1.73638,115415,82679
8/29/2017,1.67852,1.73988,1.63828,1.71074,62743,63452
8/28/2017,1.72468,1.7477,1.67538,1.6841,53005,44535
8/25/2017,1.6871,1.7406,1.64,1.6666,50970,32316
8/24/2017,1.623,1.6866,1.622,1.6641,62154,45398
8/23/2017,1.5824,1.6249,1.5795,1.6189,28217,49052
8/22/2017,1.5905,1.6046,1.5806,1.5908,26779,53792
8/21/2017,1.6274,1.628,1.5734,1.5841,34159,58689
8/18/2017,1.5908,1.6358,1.5791,1.624,55989,66090
8/17/2017,1.5639,1.5932,1.5374,1.5869,59497,73821
8/16/2017,1.585,1.5962,1.559,1.5638,49275,79112
8/15/2017,1.5784,1.5889,1.5657,1.5795,52429,86772
8/14/2017,1.613,1.6199,1.5741,1.5767,53021,91485
8/11/2017,1.5968,1.6215,1.5852,1.613,58967,97067
8/10/2017,1.6223,1.6494,1.593,1.6028,74922,105372
8/9/2017,1.6045,1.6248,1.596,1.62,69360,112400
8/8/2017,1.6295,1.6345,1.5956,1.6208,93507,117077
8/7/2017,1.6525,1.6525,1.6042,1.6299,86678,131736
8/4/2017,1.6323,1.6525,1.6244,1.6463,65155,136673
8/3/2017,1.6456,1.6569,1.6209,1.6319,77165,147297
8/2/2017,1.6572,1.6669,1.6291,1.6448,88424,146317
8/1/2017,1.6777,1.6846,1.6387,1.6613,74945,143607
7/31/2017,1.66834,1.6853,1.65406,1.68244,62896,113231
7/28/2017,1.63072,1.66388,1.62074,1.65792,51420,89872
7/27/2017,1.60678,1.6388,1.60052,1.63464,32769,66321
7/26/2017,1.59522,1.61564,1.57658,1.61272,36098,45962
7/25/2017,1.5597,1.6129,1.555,1.5962,24216,29204
7/24/2017,1.5575,1.5787,1.5444,1.5568,26820,36777
7/21/2017,1.6065,1.6125,1.556,1.5633,36357,40377
7/20/2017,1.6152,1.6341,1.6025,1.6062,41242,45890
7/19/2017,1.5849,1.6205,1.5835,1.6169,50172,53046
7/18/2017,1.5588,1.5926,1.5499,1.5789,70400,60831
7/17/2017,1.5625,1.5729,1.5531,1.5567,51544,66968
7/14/2017,1.526,1.5634,1.5205,1.5605,73540,76815
7/13/2017,1.5162,1.5395,1.4957,1.5261,54392,88418
7/12/2017,1.5294,1.5485,1.5156,1.5208,63794,97391
7/11/2017,1.504,1.533,1.4786,1.5183,74078,109549
7/10/2017,1.5064,1.5143,1.4759,1.5007,59746,115895
7/7/2017,1.5238,1.5243,1.473,1.4984,73790,124767
7/6/2017,1.5205,1.5417,1.509,1.5287,76575,134228
7/5/2017,1.534,1.5409,1.4875,1.5024,81886,142376
7/3/2017,1.5135,1.5396,1.5012,1.5348,47828,145660
6/30/2017,1.4804,1.51898,1.47666,1.514,54234,118905
6/29/2017,1.48638,1.49902,1.47418,1.48044,37174,92128
6/28/2017,1.44308,1.4872,1.4377,1.47938,45166,66478
6/27/2017,1.44428,1.4672,1.43976,1.45818,33227,50978
6/26/2017,1.4352,1.448,1.4121,1.4387,23402,36176
6/23/2017,1.4369,1.4454,1.4268,1.4341,35647,44914
6/22/2017,1.4112,1.4472,1.4035,1.4345,35387,51329
6/21/2017,1.4228,1.445,1.3955,1.4105,42055,60439
6/20/2017,1.4486,1.4571,1.4165,1.424,30743,68562
6/19/2017,1.4523,1.4716,1.446,1.4506,53890,75617
6/16/2017,1.44,1.4615,1.4369,1.4548,52737,80765
6/15/2017,1.432,1.4425,1.4101,1.4357,81324,89419
6/14/2017,1.4856,1.499,1.4292,1.4327,92154,97511
6/13/2017,1.4877,1.5067,1.4746,1.4995,64128,101695
6/12/2017,1.5017,1.5241,1.4834,1.488,64835,111360
6/9/2017,1.4919,1.5135,1.4782,1.5017,56391,117035
6/8/2017,1.5023,1.5163,1.4854,1.4919,66510,120339
6/7/2017,1.5288,1.541,1.4873,1.4913,89433,125946
6/6/2017,1.539,1.5574,1.522,1.5545,81627,135797
6/5/2017,1.577,1.5905,1.5357,1.5381,67039,138006
6/2/2017,1.5921,1.596,1.5545,1.5771,63191,137962
6/1/2017,1.6051,1.6225,1.5885,1.6014,73561,140097
5/31/2017,1.62904,1.62908,1.57724,1.59964,55510,113549
5/30/2017,1.63302,1.65052,1.61354,1.63014,48722,90085
5/26/2017,1.6059,1.64142,1.59618,1.636,50726,71480
5/25/2017,1.65372,1.66842,1.59592,1.60782,42691,52198
5/24/2017,1.6685,1.675,1.641,1.6526,31630,38881
5/23/2017,1.6629,1.6691,1.6434,1.6614,33341,47856
5/22/2017,1.6549,1.6679,1.6487,1.6626,25588,51897
5/19/2017,1.6073,1.6544,1.606,1.6523,42829,58419
5/18/2017,1.5982,1.6172,1.5597,1.6063,42216,61417
5/17/2017,1.5928,1.6197,1.5846,1.6027,67896,73574
5/16/2017,1.596,1.615,1.5898,1.6043,55780,81523
5/15/2017,1.5785,1.6186,1.5777,1.5954,50536,86553
5/12/2017,1.567,1.5839,1.5574,1.5761,59631,97349
5/11/2017,1.5439,1.5709,1.5422,1.5622,67686,105349
5/10/2017,1.4849,1.5523,1.4805,1.5396,79941,112371
5/9/2017,1.5234,1.5296,1.4835,1.4895,53478,117720
5/8/2017,1.5065,1.5288,1.5006,1.5178,57800,128610
5/5/2017,1.4825,1.5141,1.45,1.5046,61956,135453
5/4/2017,1.5264,1.5299,1.4683,1.4812,78888,138460
5/3/2017,1.5387,1.546,1.5086,1.5338,75823,137838
5/2/2017,1.5245,1.553,1.5075,1.5136,71362,136158
5/1/2017,1.5481,1.5547,1.5142,1.5272,53653,137871
4/28/2017,1.55882,1.58694,1.53852,1.54808,68908,111642
4/27/2017,1.5826,1.58534,1.54128,1.55258,63319,89373
4/26/2017,1.6047,1.61816,1.5796,1.59194,47476,68565
4/25/2017,1.62218,1.63186,1.60132,1.62362,42189,52920
4/24/2017,1.6416,1.6554,1.6197,1.6214,26202,40600
4/21/2017,1.6683,1.6822,1.639,1.6445,31063,49737
4/20/2017,1.662,1.6787,1.6571,1.6705,30471,59421
4/19/2017,1.7016,1.7123,1.6499,1.659,33089,68966
4/18/2017,1.7229,1.7234,1.6928,1.711,45777,74962
4/17/2017,1.7333,1.7413,1.7175,1.7196,38228,80343
4/13/2017,1.7397,1.7449,1.7218,1.7349,56586,87359
4/12/2017,1.7639,1.771,1.7323,1.7417,66215,96801
4/11/2017,1.7617,1.7652,1.7364,1.7577,66765,106268
4/10/2017,1.7466,1.7615,1.744,1.7581,45656,113656
4/7/2017,1.7303,1.766,1.7154,1.7462,62185,118695
4/6/2017,1.7144,1.732,1.7087,1.7296,53753,126330
4/5/2017,1.7269,1.7374,1.7041,1.7153,63843,127624
4/4/2017,1.695,1.7283,1.6839,1.7217,57549,131754
4/3/2017,1.7007,1.715,1.6893,1.6937,61410,135101
3/31/2017,1.68476,1.70908,1.66614,1.70242,49004,105609
3/30/2017,1.67234,1.69358,1.66442,1.6827,40464,82958
3/29/2017,1.632,1.67506,1.62902,1.67256,43045,62052
3/28/2017,1.61912,1.65568,1.61538,1.6352,32601,42568
3/27/2017,1.6109,1.62,1.59,1.6189,20187,28044
3/24/2017,1.5878,1.6138,1.5809,1.6048,23334,35486
3/23/2017,1.6019,1.6094,1.5784,1.5896,20713,38567
3/22/2017,1.6112,1.6121,1.5834,1.6019,33439,43827
3/21/2017,1.6125,1.635,1.5988,1.6052,28450,48843
3/20/2017,1.598,1.6248,1.581,1.6113,37549,54240
3/17/2017,1.5919,1.6094,1.586,1.5989,38681,60223
3/16/2017,1.5895,1.61,1.579,1.5942,43466,62421
3/15/2017,1.6029,1.6108,1.5781,1.5834,59279,66731
3/14/2017,1.5802,1.603,1.5623,1.5835,61420,71669
3/13/2017,1.5946,1.5947,1.5742,1.5807,55336,76239
3/10/2017,1.625,1.6429,1.5905,1.6001,63618,84492
3/9/2017,1.6471,1.667,1.6067,1.6243,93893,94312
3/8/2017,1.6998,1.7072,1.6435,1.6526,102986,106434
3/7/2017,1.6796,1.7043,1.6748,1.6798,66219,109094
3/6/2017,1.6544,1.6845,1.6361,1.6723,55794,111561
3/3/2017,1.6424,1.6591,1.639,1.6531,59961,116787
3/2/2017,1.665,1.673,1.6266,1.6433,83845,118210
3/1/2017,1.7101,1.7257,1.665,1.678,70748,117809
2/28/2017,1.69906,1.70078,1.6386,1.68592,84777,94131
2/27/2017,1.64586,1.67346,1.64378,1.6581,42165,76361
2/24/2017,1.61238,1.61416,1.58478,1.60348,36202,61613
2/23/2017,1.56612,1.60188,1.55988,1.5724,43112,54498
2/22/2017,1.4965,1.5236,1.4838,1.5133,27620,48340
2/21/2017,1.5152,1.533,1.4875,1.494,38326,54919
2/17/2017,1.523,1.525,1.4857,1.5166,45534,60459
2/16/2017,1.5488,1.557,1.5106,1.5247,45376,64655
2/15/2017,1.5424,1.5603,1.5348,1.5479,46203,69538
2/14/2017,1.545,1.5759,1.5339,1.5467,58466,77623
2/13/2017,1.5895,1.6031,1.5399,1.5446,66571,87032
2/10/2017,1.5703,1.6134,1.569,1.5896,68797,97541
2/9/2017,1.551,1.5811,1.5471,1.5702,90480,112099
2/8/2017,1.472,1.5594,1.465,1.5527,116847,122471
2/7/2017,1.5139,1.5162,1.4716,1.4875,77303,132019
2/6/2017,1.555,1.5708,1.5051,1.5103,77493,140461
2/3/2017,1.536,1.5643,1.5192,1.5537,69069,144723
2/2/2017,1.5799,1.5919,1.5305,1.5329,68880,148871
2/1/2017,1.5565,1.5858,1.5457,1.5791,81583,156678
1/31/2017,1.52426,1.57338,1.52144,1.5452,52810,126872
1/30/2017,1.5372,1.54218,1.51392,1.52206,41097,101852
1/27/2017,1.54444,1.55936,1.52702,1.53698,34879,77407
1/26/2017,1.53702,1.55706,1.50982,1.54802,29778,51164
1/25/2017,1.5598,1.5643,1.5156,1.5238,25315,32321
1/24/2017,1.5747,1.5931,1.556,1.5759,34453,42229
1/23/2017,1.5645,1.5768,1.5414,1.5667,24647,47542
1/20/2017,1.5455,1.5795,1.5354,1.566,30917,51163
1/19/2017,1.5416,1.5578,1.5263,1.5345,32019,57093
1/18/2017,1.6026,1.613,1.54,1.5487,52839,62707
1/17/2017,1.6087,1.6624,1.599,1.6004,65332,71683
1/13/2017,1.6158,1.6214,1.598,1.6117,50793,76541
1/12/2017,1.5958,1.6337,1.5925,1.6108,57633,85627
1/11/2017,1.5574,1.616,1.5494,1.5929,70488,91900
1/10/2017,1.5698,1.5891,1.541,1.5467,60624,104521
1/9/2017,1.6297,1.6337,1.5667,1.5707,67375,118452
1/6/2017,1.6391,1.6583,1.6239,1.634,63386,130613
1/5/2017,1.6403,1.6561,1.612,1.6377,50635,133917
1/4/2017,1.6322,1.648,1.6185,1.6459,41501,136211
1/3/2017,1.674,1.7095,1.6169,1.6218,64025,139159
12/30/2016,1.67734,1.6802,1.65968,1.66974,33639,109876
12/29/2016,1.67772,1.70332,1.66532,1.68068,40005,83076
12/28/2016,1.65538,1.6857,1.65108,1.67504,31435,63268
12/27/2016,1.62238,1.67554,1.62042,1.65458,33187,47832
12/23/2016,1.5993,1.6323,1.5745,1.6262,21075,32242
12/22/2016,1.6005,1.6062,1.578,1.604,24090,39010
12/21/2016,1.6044,1.6133,1.5906,1.6055,27697,45110
12/20/2016,1.566,1.6029,1.5581,1.5936,25158,48280
12/19/2016,1.5601,1.5698,1.5517,1.5639,29010,57155
12/16/2016,1.5436,1.5705,1.5279,1.5571,43327,68267
12/15/2016,1.533,1.5517,1.5116,1.5421,45573,74730
12/14/2016,1.5305,1.5613,1.5175,1.5331,44210,80115
12/13/2016,1.5387,1.5711,1.5261,1.5507,62017,89164
12/12/2016,1.5257,1.591,1.5257,1.543,54799,100078
12/9/2016,1.5055,1.5207,1.4988,1.5073,45271,108589
12/8/2016,1.5086,1.5149,1.484,1.5047,52985,119486
12/7/2016,1.5428,1.55,1.503,1.5082,58553,133385
12/6/2016,1.5491,1.5608,1.5291,1.5359,44693,138176
12/5/2016,1.5581,1.5789,1.5405,1.5575,43612,144284
12/2/2016,1.5524,1.5693,1.5152,1.5591,50955,147669
12/1/2016,1.4761,1.5732,1.4732,1.547,71956,151365
11/30/2016,1.37712,1.49928,1.37416,1.48416,55964,122282
11/29/2016,1.41348,1.41402,1.36328,1.37716,42213,96426
11/28/2016,1.37018,1.427,1.35252,1.41346,31118,73876
11/25/2016,1.4237,1.4398,1.36758,1.37338,16288,52151
11/23/2016,1.4031,1.431,1.3938,1.4217,29439,41420
11/22/2016,1.3995,1.4304,1.3882,1.4098,29286,49444
11/21/2016,1.3455,1.4141,1.341,1.3965,28487,55703
11/18/2016,1.3394,1.3487,1.3205,1.3391,27249,61193
11/17/2016,1.3141,1.3572,1.3121,1.343,42883,66016
11/16/2016,1.334,1.3488,1.3105,1.3191,49806,70876
11/15/2016,1.2834,1.3428,1.2811,1.335,48350,76731
11/14/2016,1.3009,1.3057,1.2681,1.2778,47020,82188
11/11/2016,1.3369,1.35,1.2961,1.3053,59339,87305
11/10/2016,1.3598,1.3756,1.3323,1.3377,60416,96462
11/9/2016,1.37,1.3832,1.3333,1.3572,62924,105662
11/8/2016,1.37,1.3779,1.3512,1.3692,66808,114346
11/7/2016,1.41,1.4148,1.3561,1.371,65736,125676
11/4/2016,1.4206,1.4227,1.3676,1.3786,78198,129779
11/3/2016,1.4496,1.4667,1.4144,1.4245,62200,130072
11/2/2016,1.4837,1.4864,1.4318,1.4479,80008,133018
11/1/2016,1.44,1.6351,1.44,1.4841,173753,146173
10/31/2016,1.45508,1.46144,1.41456,1.4255,66443,119670
10/28/2016,1.47986,1.49162,1.45036,1.46058,48253,95027
10/27/2016,1.48426,1.4943,1.46702,1.48334,42252,75366
10/26/2016,1.4791,1.4934,1.45772,1.48072,36812,58208
10/25/2016,1.5001,1.5185,1.4779,1.5005,27154,45571
10/24/2016,1.5329,1.5348,1.4849,1.5038,29116,51554
10/21/2016,1.4962,1.537,1.4898,1.5314,40436,56742
10/20/2016,1.5136,1.5155,1.4755,1.4937,33734,62764
10/19/2016,1.5018,1.5191,1.499,1.5136,40775,70149
10/18/2016,1.5001,1.5185,1.4925,1.5057,35463,75288
10/17/2016,1.4995,1.5072,1.4768,1.4924,52098,82493
10/14/2016,1.48,1.5001,1.4699,1.4936,48037,85732
10/13/2016,1.46,1.4844,1.448,1.4818,63209,92115
10/12/2016,1.4899,1.491,1.4534,1.4619,50734,101403
10/11/2016,1.4892,1.5074,1.4708,1.4829,57683,110349
10/10/2016,1.478,1.5107,1.465,1.4972,54371,119280
10/7/2016,1.504,1.5062,1.4701,1.4818,65377,127182
10/6/2016,1.4854,1.5035,1.4672,1.4978,46049,128190
10/5/2016,1.5016,1.5163,1.4815,1.4928,65021,132475
10/4/2016,1.472,1.5063,1.4621,1.4996,62548,133163
10/3/2016,1.459,1.4755,1.4421,1.4705,45512,135089
9/30/2016,1.44928,1.47124,1.42172,1.46796,48062,109038
9/29/2016,1.45394,1.4672,1.42868,1.45198,49891,89075
9/28/2016,1.39484,1.4707,1.37904,1.46202,61487,67099
9/27/2016,1.395,1.40632,1.36182,1.38748,39847,51149
9/26/2016,1.379,1.4205,1.3702,1.4024,24422,38955
9/23/2016,1.3932,1.4145,1.3635,1.3769,34179,45381
9/22/2016,1.4021,1.418,1.3879,1.4018,35863,56952
9/21/2016,1.3791,1.4061,1.375,1.399,39501,59293
9/20/2016,1.4164,1.4216,1.3392,1.3646,57145,64909
9/19/2016,1.47,1.4779,1.4159,1.4208,59067,60632
9/16/2016,1.42,1.4788,1.4183,1.4616,100907,68558
9/15/2016,1.3652,1.4433,1.361,1.4302,88596,75730
9/14/2016,1.3777,1.3875,1.3374,1.3615,79132,80645
9/13/2016,1.3867,1.4128,1.3573,1.3765,86554,88457
9/12/2016,1.3593,1.4013,1.3507,1.3899,77078,104029
9/9/2016,1.4033,1.4056,1.3562,1.3611,65107,113812
9/8/2016,1.3623,1.4227,1.3597,1.4165,72095,120183
9/7/2016,1.3146,1.3626,1.313,1.3464,61599,124470
9/6/2016,1.2892,1.3621,1.2855,1.3164,66835,127025
9/2/2016,1.281,1.3085,1.276,1.3016,54539,129088
9/1/2016,1.3375,1.3442,1.2668,1.2724,59031,130292
8/31/2016,1.38518,1.38802,1.33678,1.34916,52615,105664
8/30/2016,1.42632,1.43336,1.39044,1.40402,41955,84082
8/29/2016,1.47038,1.4715,1.43336,1.43846,41615,63822
8/26/2016,1.49246,1.50924,1.47438,1.49592,32597,48213
8/25/2016,1.4944,1.5165,1.473,1.5114,25573,33420
8/24/2016,1.4894,1.5233,1.4791,1.5096,35524,41052
8/23/2016,1.4803,1.506,1.4546,1.4988,28094,42166
8/22/2016,1.5087,1.5087,1.4679,1.4842,29353,48984
8/19/2016,1.4905,1.5158,1.4714,1.5129,42466,54747
8/18/2016,1.4515,1.4923,1.4428,1.4897,42467,58735
8/17/2016,1.4053,1.4556,1.39,1.4505,66229,69565
8/16/2016,1.395,1.4267,1.388,1.4226,57604,79414
8/15/2016,1.3759,1.404,1.3541,1.4007,49202,84834
8/12/2016,1.3571,1.3791,1.3411,1.3709,55820,93019
8/11/2016,1.2977,1.3668,1.2817,1.3617,74755,98634
8/10/2016,1.3576,1.3656,1.2956,1.3014,85479,101815
8/9/2016,1.359,1.3649,1.3374,1.3462,64504,108026
8/8/2016,1.3725,1.3965,1.3549,1.362,76070,118533
8/5/2016,1.367,1.3797,1.3504,1.3763,64575,126963
8/4/2016,1.3535,1.3699,1.3111,1.368,66802,128568
8/3/2016,1.3103,1.3534,1.2967,1.3499,68273,132719
8/2/2016,1.3127,1.3481,1.2954,1.3116,59860,141744
8/1/2016,1.3135,1.3389,1.2869,1.3036,54123,141652
7/29/2016,1.29938,1.32348,1.27328,1.31972,49274,111047
7/28/2016,1.32146,1.33912,1.29774,1.30314,47877,85168
7/27/2016,1.34018,1.35916,1.3019,1.31972,40912,63328
7/26/2016,1.33188,1.34814,1.30934,1.34488,38221,48408
7/25/2016,1.358,1.3615,1.3291,1.3336,24681,34672
7/22/2016,1.3497,1.3675,1.3383,1.3615,31582,42578
7/21/2016,1.3599,1.3789,1.3497,1.355,19561,47494
7/20/2016,1.3752,1.3811,1.3381,1.3637,29344,51776
7/19/2016,1.3883,1.3977,1.3715,1.3757,26425,58084
7/18/2016,1.4188,1.43,1.3836,1.3872,29304,62327
7/15/2016,1.404,1.4425,1.3944,1.422,41869,69860
7/14/2016,1.386,1.4184,1.3802,1.414,39212,74779
7/13/2016,1.4138,1.4168,1.3672,1.3784,46943,81700
7/12/2016,1.3814,1.4406,1.3768,1.4301,47406,86586
7/11/2016,1.3664,1.4014,1.3509,1.3835,55102,95609
7/8/2016,1.3677,1.3884,1.3523,1.3708,56897,103653
7/7/2016,1.4571,1.4683,1.3533,1.3631,66656,109166
7/6/2016,1.4275,1.46,1.3807,1.4329,68254,113510
7/5/2016,1.5176,1.5249,1.4157,1.4287,59906,118778
7/1/2016,1.5025,1.5253,1.4658,1.5135,59557,119697
6/30/2016,1.53282,1.53814,1.4932,1.50132,43425,97557
6/29/2016,1.51298,1.54062,1.50888,1.5329,55748,77855
6/28/2016,1.49098,1.5242,1.48552,1.51396,32706,59797
6/27/2016,1.53462,1.54032,1.47034,1.47864,28943,45921
6/24/2016,1.607,1.61,1.5169,1.525,32451,34775
6/23/2016,1.583,1.61,1.5799,1.6035,22846,39749
6/22/2016,1.6015,1.6131,1.5727,1.5882,36082,48038
6/21/2016,1.5699,1.6029,1.5484,1.5929,27116,55485
6/20/2016,1.5126,1.5849,1.509,1.5827,49566,64321
6/17/2016,1.4628,1.5174,1.4609,1.5053,41500,71518
6/16/2016,1.4957,1.5066,1.4589,1.4653,45788,75199
6/15/2016,1.4901,1.5203,1.4738,1.5014,59324,79392
6/14/2016,1.5263,1.5324,1.4896,1.5213,43241,85238
6/13/2016,1.5535,1.5574,1.5188,1.5362,62701,96477
6/10/2016,1.6147,1.6224,1.5522,1.5596,70263,102077
6/9/2016,1.629,1.6342,1.5901,1.6186,58283,107172
6/8/2016,1.5903,1.6317,1.5682,1.6198,78351,112291
6/7/2016,1.5906,1.6128,1.5767,1.5871,63261,118729
6/6/2016,1.6127,1.6264,1.5827,1.5887,63344,128871
6/3/2016,1.6261,1.6344,1.5962,1.6075,48850,132476
6/2/2016,1.6238,1.6452,1.6009,1.6346,60641,134437
6/1/2016,1.596,1.6304,1.5761,1.6153,69390,136377
5/31/2016,1.63844,1.6468,1.5965,1.6137,52129,112203
5/27/2016,1.62558,1.64332,1.60032,1.63544,45300,89644
5/26/2016,1.64712,1.66002,1.611,1.62238,38597,70268
5/25/2016,1.6453,1.65436,1.62332,1.643,35090,53875
5/24/2016,1.645,1.6664,1.6387,1.6544,32578,42320
5/23/2016,1.6371,1.6529,1.6168,1.6456,35284,50655
5/20/2016,1.6272,1.641,1.6092,1.6356,29624,56097
5/19/2016,1.6386,1.6454,1.5908,1.6339,30590,58411
5/18/2016,1.647,1.6637,1.6224,1.6489,48526,64373
5/17/2016,1.6127,1.65,1.5955,1.6341,51603,67911
5/16/2016,1.5861,1.6358,1.5861,1.6063,43023,71488
5/13/2016,1.5762,1.5938,1.5482,1.5882,48993,80807
5/12/2016,1.5752,1.5855,1.554,1.5833,45722,86103
5/11/2016,1.4849,1.585,1.471,1.5815,78243,93463
5/10/2016,1.4444,1.4937,1.4405,1.4857,53287,99347
5/9/2016,1.5166,1.5295,1.4382,1.4427,57711,103877
5/6/2016,1.4955,1.519,1.4664,1.4962,58854,110376
5/5/2016,1.497,1.5336,1.4784,1.4914,49352,109684
5/4/2016,1.5193,1.5376,1.4655,1.4866,71828,117560
5/3/2016,1.5584,1.5641,1.4966,1.51,57577,123170
5/2/2016,1.598,1.6105,1.5564,1.5628,43482,126035
4/29/2016,1.59978,1.61522,1.5852,1.60048,40434,100753
4/28/2016,1.58604,1.60692,1.5706,1.60562,36613,78925
4/27/2016,1.58946,1.599,1.55152,1.58636,43918,60080
4/26/2016,1.5247,1.5878,1.51984,1.56868,31860,44221
4/25/2016,1.535,1.5375,1.5001,1.5131,41888,34868
4/22/2016,1.5185,1.555,1.5071,1.5309,26603,40477
4/21/2016,1.5033,1.5274,1.4954,1.5159,30085,48476
4/20/2016,1.4764,1.5096,1.4451,1.5068,30668,55195
4/19/2016,1.442,1.4929,1.4363,1.4799,38201,63332
4/18/2016,1.4229,1.4617,1.399,1.4365,45660,71374
4/15/2016,1.5064,1.5126,1.4533,1.4612,44681,78571
4/14/2016,1.5273,1.5425,1.4957,1.5056,41236,84284
4/13/2016,1.5277,1.5384,1.5059,1.5295,57442,90797
4/12/2016,1.5023,1.5386,1.4932,1.5343,53566,98091
4/11/2016,1.4636,1.5114,1.4507,1.5077,55350,103431
4/8/2016,1.3888,1.4666,1.3874,1.4637,61865,106224
4/7/2016,1.3956,1.4106,1.3613,1.3812,52592,116066
4/6/2016,1.3831,1.4089,1.3582,1.3947,53619,121239
4/5/2016,1.3751,1.39,1.3688,1.3778,42992,124848
4/4/2016,1.4018,1.4185,1.3747,1.377,42815,130194
4/1/2016,1.4435,1.4495,1.398,1.4016,56986,131592
3/31/2016,1.45394,1.46322,1.42814,1.44266,42710,105398
3/30/2016,1.4704,1.49292,1.4477,1.45422,38608,82676
3/29/2016,1.47956,1.48554,1.4334,1.4646,29646,63744
3/28/2016,1.47692,1.49132,1.45982,1.47352,24193,50073
3/24/2016,1.4499,1.475,1.4202,1.4659,26483,39552
3/23/2016,1.5092,1.5134,1.4454,1.4541,29757,45790
3/22/2016,1.4588,1.512,1.4487,1.4971,26128,50801
3/21/2016,1.4281,1.4613,1.4112,1.4589,25412,56154
3/18/2016,1.4339,1.46,1.42,1.4273,28356,58202
3/17/2016,1.4163,1.4399,1.4042,1.4383,33907,62646
3/16/2016,1.4096,1.4356,1.4024,1.4183,37293,67540
3/15/2016,1.4302,1.4336,1.3839,1.4082,35182,74585
3/14/2016,1.449,1.4532,1.404,1.4226,41763,78894
3/11/2016,1.445,1.4636,1.4329,1.4443,40784,84733
3/10/2016,1.4694,1.4806,1.4177,1.439,57654,88757
3/9/2016,1.3881,1.4725,1.3881,1.4705,68481,94749
3/8/2016,1.3925,1.416,1.3773,1.3878,67313,98526
3/7/2016,1.3303,1.4,1.3303,1.3927,67577,106227
3/4/2016,1.298,1.3431,1.285,1.3321,51574,107467
3/3/2016,1.3066,1.3118,1.2752,1.2988,48968,111344
3/2/2016,1.2985,1.331,1.2915,1.3107,52489,114285
3/1/2016,1.3207,1.3315,1.2786,1.3035,48026,115416
2/29/2016,1.2349,1.27438,1.22206,1.2665,35094,91990
2/26/2016,1.19932,1.2341,1.17834,1.1837,40855,72491
2/25/2016,1.12182,1.16736,1.10098,1.15848,34671,54684
2/24/2016,1.01156,1.07596,0.9971,1.06348,43114,41699
2/23/2016,0.9984,1.0114,0.9515,0.9663,40099,30647
2/22/2016,0.968,1.025,0.959,1.0006,33874,33967
2/19/2016,0.9688,0.9864,0.936,0.9594,27769,37036
2/18/2016,1.0196,1.025,0.9585,0.9724,43508,44935
2/17/2016,1.0034,1.038,0.9606,1.0034,83339,53219
2/16/2016,1.0374,1.0844,0.964,0.9709,55212,63341
2/12/2016,0.9657,1.0462,0.9657,1.0432,66278,69027
2/11/2016,0.9444,0.975,0.9133,0.9417,65143,75546
2/10/2016,0.9075,0.971,0.9034,0.9425,68897,81431
2/9/2016,0.9563,0.9666,0.8975,0.8989,65619,88881
2/8/2016,0.9903,1.0018,0.954,0.9561,54891,96148
2/5/2016,1.0247,1.0334,0.9869,0.9927,66704,104885
2/4/2016,1.0284,1.0735,1.017,1.0284,56264,107709
2/3/2016,0.9852,1.0347,0.967,1.0137,69323,113293
2/2/2016,1.0837,1.0935,0.9796,1.0008,63986,118091
2/1/2016,1.124,1.1311,1.0806,1.083,57994,120414
1/29/2016,1.11524,1.13424,1.08692,1.12646,43705,97040
1/28/2016,1.07858,1.14536,1.04522,1.09178,49893,76476
1/27/2016,1.0286,1.07524,1.0018,1.05422,37237,59226
1/26/2016,1.02996,1.06948,1.0068,1.05146,25934,44747
1/25/2016,1.0821,1.1,1.0195,1.03,23549,35842
1/22/2016,1.0838,1.0929,1.0363,1.0838,21958,38637
1/21/2016,1.0095,1.0576,1.0012,1.0312,36508,42979
1/20/2016,1.0368,1.04,1.0027,1.0177,31771,45457
1/19/2016,1.0211,1.0769,1.0005,1.0262,49577,55491
1/15/2016,1.0787,1.0787,1.0154,1.0212,45503,60577
1/14/2016,1.0591,1.0838,1.0533,1.0684,45222,67585
1/13/2016,1.0678,1.1059,1.0408,1.0528,64776,75998
1/12/2016,1.1102,1.1618,1.065,1.0848,70118,83768
1/11/2016,1.1211,1.1424,1.1009,1.113,53987,89337
1/8/2016,1.152,1.1726,1.1125,1.1277,53605,95891
1/7/2016,1.1622,1.1763,1.1135,1.146,52824,101158
1/6/2016,1.2508,1.2533,1.1535,1.1618,80491,110028
1/5/2016,1.2919,1.3041,1.2471,1.2567,52376,113614
1/4/2016,1.2751,1.3379,1.2579,1.2907,51007,113144
12/31/2015,1.25086,1.30094,1.2326,1.27022,37743,90475
12/30/2015,1.26262,1.26826,1.23102,1.23816,28485,72116
12/29/2015,1.23742,1.2855,1.22834,1.27972,23235,52399
12/28/2015,1.25822,1.25974,1.22214,1.23468,17040,39476
12/24/2015,1.255,1.288,1.242,1.2643,12557,26315
12/23/2015,1.1795,1.2606,1.1778,1.2414,24762,32884
12/22/2015,1.1985,1.2122,1.169,1.1749,30858,42637
12/21/2015,1.2669,1.2707,1.1963,1.2094,30126,53582
12/18/2015,1.2678,1.2949,1.2482,1.2746,33544,58553
12/17/2015,1.2459,1.2784,1.23,1.2616,45707,67438
12/16/2015,1.2449,1.2774,1.2212,1.2328,50339,71867
12/15/2015,1.2416,1.2725,1.2216,1.2444,49123,75010
12/14/2015,1.2803,1.3089,1.219,1.2558,56918,82704
12/11/2015,1.2799,1.3012,1.2589,1.2815,70257,89887
12/10/2015,1.2405,1.2959,1.2395,1.2802,71458,98412
12/9/2015,1.2009,1.2534,1.2002,1.2317,63959,104010
12/8/2015,1.2088,1.232,1.1956,1.2036,59812,110175
12/7/2015,1.2795,1.2841,1.2055,1.2094,66319,121087
12/4/2015,1.307,1.3122,1.2585,1.2702,57448,124849
12/3/2015,1.301,1.3335,1.2774,1.2963,59583,130879
12/2/2015,1.3611,1.3611,1.2911,1.2931,69884,138913
12/1/2015,1.3158,1.3867,1.3121,1.363,91388,136943
11/30/2015,1.3484,1.3678,1.309,1.31726,50663,111337
11/27/2015,1.37036,1.37692,1.34122,1.35822,32418,86106
11/25/2015,1.36876,1.38774,1.3225,1.3791,48981,66303
11/24/2015,1.32032,1.39982,1.31296,1.3834,42319,48921
11/23/2015,1.2861,1.332,1.2656,1.3134,26310,35220
11/20/2015,1.2875,1.324,1.2727,1.2903,30681,38795
11/19/2015,1.2773,1.3041,1.268,1.2879,34278,47037
11/18/2015,1.2487,1.2809,1.2351,1.2661,40267,48253
11/17/2015,1.2424,1.2545,1.2273,1.238,34410,54281
11/16/2015,1.2397,1.2561,1.2024,1.2386,42773,58440
11/13/2015,1.2739,1.2861,1.2324,1.2389,43672,63152
11/12/2015,1.3322,1.3413,1.2712,1.2731,59736,74362
11/11/2015,1.3562,1.3844,1.323,1.3294,53048,79726
11/10/2015,1.3744,1.3846,1.3502,1.3618,56288,86017
11/9/2015,1.3768,1.4048,1.3662,1.3705,54699,92987
11/6/2015,1.3741,1.3933,1.3603,1.3695,72356,98406
11/5/2015,1.4111,1.4111,1.3584,1.361,66571,100254
11/4/2015,1.4468,1.4714,1.3861,1.3919,73401,101784
11/3/2015,1.3775,1.4607,1.3627,1.4455,70628,105505
11/2/2015,1.3693,1.3808,1.3414,1.3753,53466,105739
10/30/2015,1.3416,1.3932,1.33448,1.37828,45241,84416
10/29/2015,1.34204,1.35766,1.32152,1.34348,30579,66476
10/28/2015,1.2838,1.35798,1.2771,1.34542,32905,50341
10/27/2015,1.28726,1.28986,1.26942,1.28542,20211,35932
10/26/2015,1.3067,1.3172,1.284,1.2879,17509,22617
10/23/2015,1.3139,1.3232,1.29,1.3036,21970,26198
10/22/2015,1.2841,1.3194,1.2841,1.3067,26503,31121
10/21/2015,1.2704,1.2894,1.253,1.2808,25027,36188
10/20/2015,1.2645,1.2806,1.2484,1.2783,25364,38691
10/19/2015,1.3297,1.3377,1.25,1.2514,38158,46048
10/16/2015,1.3206,1.3415,1.3076,1.328,30224,49820
10/15/2015,1.3188,1.3305,1.2726,1.3072,46235,58874
10/14/2015,1.3093,1.3325,1.2986,1.3083,36999,65031
10/13/2015,1.355,1.3574,1.3088,1.314,56641,72648
10/12/2015,1.42,1.4329,1.339,1.3411,57726,81185
10/9/2015,1.4134,1.4366,1.3882,1.4167,54924,89927
10/8/2015,1.4016,1.423,1.382,1.4078,63435,97640
10/7/2015,1.4293,1.4488,1.388,1.39,60327,109290
10/6/2015,1.3859,1.4456,1.3744,1.4362,48393,113368
10/5/2015,1.3416,1.4008,1.336,1.3853,46262,118423
10/2/2015,1.37,1.3764,1.3083,1.3414,64753,121213
10/1/2015,1.371,1.4233,1.3494,1.3668,72657,126118
9/30/2015,1.34454,1.38416,1.3364,1.37124,57263,105868
9/29/2015,1.33236,1.36682,1.32928,1.35498,36180,84862
9/28/2015,1.38378,1.38854,1.33646,1.34232,25131,65549
9/25/2015,1.36794,1.39716,1.3561,1.39258,24788,49554
9/24/2015,1.3908,1.3964,1.3516,1.3652,20174,35673
9/23/2015,1.4148,1.4531,1.3786,1.3816,22953,40791
9/22/2015,1.4064,1.424,1.3682,1.4164,22782,44286
9/21/2015,1.3573,1.4099,1.357,1.4031,26243,51656
9/18/2015,1.3851,1.4079,1.3454,1.3562,32088,57830
9/17/2015,1.3849,1.3903,1.3524,1.376,38236,63519
9/16/2015,1.3417,1.4074,1.3313,1.3821,45872,67262
9/15/2015,1.3036,1.3445,1.3025,1.3329,39429,70804
9/14/2015,1.3721,1.3794,1.3,1.3043,47401,74966
9/11/2015,1.3875,1.3935,1.3425,1.3699,44133,82364
9/10/2015,1.3556,1.4027,1.3436,1.3936,51573,88434
9/9/2015,1.4,1.4158,1.3557,1.3597,47789,93118
9/8/2015,1.415,1.4215,1.3727,1.4021,58404,101294
9/4/2015,1.4296,1.4419,1.4021,1.4182,42960,103084
9/3/2015,1.4267,1.4868,1.416,1.4371,44485,106811
9/2/2015,1.3767,1.4437,1.3674,1.4252,60284,109994
9/1/2015,1.4633,1.4745,1.3725,1.3956,50394,113121
8/31/2015,1.41108,1.53184,1.3629,1.52736,48400,91732
8/28/2015,1.37942,1.47118,1.356,1.44698,55420,72470
8/27/2015,1.32338,1.4097,1.32114,1.40556,36288,54163
8/26/2015,1.41516,1.41866,1.32558,1.33004,32980,44683
8/25/2015,1.4635,1.4942,1.4313,1.4386,19354,28943
8/24/2015,1.5459,1.5587,1.447,1.471,27052,34507
8/21/2015,1.528,1.552,1.4749,1.5449,33549,35905
8/20/2015,1.5515,1.564,1.514,1.5346,32221,41997
8/19/2015,1.6335,1.6379,1.5458,1.5592,41810,48842
8/18/2015,1.6524,1.6598,1.6277,1.6468,36518,53157
8/17/2015,1.6866,1.6959,1.6478,1.6542,49424,62989
8/14/2015,1.7129,1.7193,1.6706,1.6869,41409,69388
8/13/2015,1.7641,1.77,1.709,1.7141,72545,76976
8/12/2015,1.697,1.7725,1.69,1.7635,98226,86802
8/11/2015,1.6934,1.7109,1.6566,1.6937,55411,90406
8/10/2015,1.6218,1.6959,1.6171,1.694,57067,95724
8/7/2015,1.6525,1.6576,1.6048,1.623,55161,102406
8/6/2015,1.6718,1.679,1.6211,1.6478,54209,108483
8/5/2015,1.6977,1.719,1.6563,1.6705,49777,110468
8/4/2015,1.6832,1.7092,1.6738,1.6852,45765,111154
8/3/2015,1.767,1.769,1.6722,1.6745,68059,114657
7/31/2015,1.77688,1.80352,1.765,1.7858,41541,91137
7/30/2015,1.79366,1.8233,1.78454,1.79256,34113,72298
7/29/2015,1.77302,1.81172,1.75974,1.79544,30514,54231
7/28/2015,1.79,1.81698,1.77068,1.79224,20457,39124
7/27/2015,1.8283,1.833,1.8013,1.8204,19155,26542
7/24/2015,1.8553,1.8632,1.8148,1.8282,18830,31258
7/23/2015,1.857,1.888,1.8456,1.8521,20798,35351
7/22/2015,1.9165,1.9165,1.8587,1.8676,25576,38970
7/21/2015,1.927,1.935,1.8902,1.9209,30817,43727
7/20/2015,1.9331,1.9448,1.915,1.9303,32358,49446
7/17/2015,1.8935,1.9347,1.8892,1.9286,51545,55022
7/16/2015,1.8624,1.9069,1.8552,1.8967,42774,58332
7/15/2015,1.924,1.9289,1.8527,1.8589,53489,67140
7/14/2015,1.9389,1.9467,1.891,1.9307,55347,71628
7/13/2015,2.0165,2.0192,1.9335,1.9396,60402,77909
7/10/2015,2.0286,2.0579,1.987,2.0165,65160,82436
7/9/2015,2.0066,2.059,1.9821,2.0451,67696,85640
7/8/2015,1.9677,2.0149,1.9415,1.999,76893,90213
7/7/2015,1.937,1.9752,1.9074,1.9494,69279,94059
7/6/2015,1.9995,2.0365,1.9205,1.9237,70531,98773
7/2/2015,2.012,2.0592,2.011,2.0343,58537,99737
7/1/2015,2.0451,2.0452,1.9985,2.0068,59264,102774
6/30/2015,2.00342,2.07208,1.9976,2.05744,48126,81936
6/29/2015,2.02404,2.03648,1.99542,2.0141,40901,66390
6/26/2015,2.0245,2.04644,2.0062,2.03726,30808,51541
6/25/2015,2.04524,2.06548,2.0084,2.03114,35959,40301
6/24/2015,2.085,2.1092,2.044,2.0555,40219,34481
6/23/2015,2.0345,2.0937,2.0035,2.0766,40937,38251
6/22/2015,2.0588,2.0728,2.0138,2.0297,33373,43019
6/19/2015,2.1048,2.1115,2.0381,2.0586,38879,51640
6/18/2015,2.0997,2.1251,2.0843,2.1101,42873,52238
6/17/2015,2.1456,2.1858,2.0726,2.1005,76144,58337
6/16/2015,2.0973,2.1486,2.0924,2.1245,56622,63508
6/15/2015,2.125,2.125,2.0849,2.0991,56445,66605
6/12/2015,2.115,2.1389,2.0992,2.1211,52622,70880
6/11/2015,2.1459,2.1599,2.115,2.1381,71097,74530
6/10/2015,2.0994,2.1506,2.0907,2.1464,98821,79531
6/9/2015,2.009,2.102,2.0035,2.0771,75109,87260
6/8/2015,2.0262,2.0316,1.9995,2.0075,56248,93309
6/5/2015,1.985,2.0335,1.953,2.03,71058,100985
6/4/2015,2.0433,2.0516,1.9723,1.9806,70769,105313
6/3/2015,2.059,2.0616,2.0133,2.0453,83261,113647
6/2/2015,2.0456,2.0737,2.0212,2.0648,66988,121180
6/1/2015,2.0627,2.0672,2.0393,2.0422,58044,123548
5/29/2015,1.98174,2.07636,1.97894,2.06732,78718,103220
5/28/2015,1.95568,1.99032,1.92826,1.97604,54343,83168
5/27/2015,1.99368,2.0146,1.93562,1.93974,45743,63786
5/26/2015,2.0644,2.09358,1.9841,1.99542,52375,53048
5/22/2015,2.0808,2.085,2.0344,2.0539,48112,44675
5/21/2015,2.0329,2.0871,2.0325,2.0824,40898,52628
5/20/2015,2.0084,2.0422,2.0038,2.0411,45857,62534
5/19/2015,2.0425,2.0478,1.9934,1.995,45477,70714
5/18/2015,2.0568,2.0831,2.0352,2.0411,39264,79538
5/15/2015,2.0634,2.0634,2.0184,2.0568,53459,83247
5/14/2015,2.0354,2.0639,2.0246,2.0575,55558,91678
5/13/2015,2.0447,2.066,2.0309,2.0405,53308,102665
5/12/2015,1.9863,2.0468,1.9853,2.0393,58716,106313
5/11/2015,1.9903,2.003,1.9673,1.9864,43387,110638
5/8/2015,1.99,2.0113,1.9621,1.9918,57940,114611
5/7/2015,2.0262,2.0445,1.9828,1.9903,76210,116848
5/6/2015,2.0722,2.095,2.025,2.0366,80854,122101
5/5/2015,2.0325,2.0766,2.0287,2.0634,57179,121823
5/4/2015,2.0439,2.0605,2.0268,2.0339,43069,121827
5/1/2015,2.0519,2.0519,2.0069,2.0453,54737,121915
4/30/2015,2.00576,2.05128,2.00324,2.04602,44154,97909
4/29/2015,1.99358,2.03958,1.97962,2.01466,47649,76970
4/28/2015,1.99906,2.01838,1.98508,1.99984,29587,57138
4/27/2015,2.00988,2.01564,1.98558,2.00818,28209,40158
4/24/2015,2.0005,2.0116,1.9794,2.0079,32548,25482
4/23/2015,1.9265,2.0088,1.9175,1.9956,37410,34788
4/22/2015,1.8839,1.9385,1.8698,1.9245,28876,39412
4/21/2015,1.9329,1.934,1.8769,1.8881,27031,44927
4/20/2015,1.9406,1.9554,1.8982,1.9315,33336,51792
4/17/2015,1.94,1.9503,1.9132,1.9299,41944,57018
4/16/2015,1.926,1.9548,1.8955,1.9354,57834,65987
4/15/2015,1.8535,1.9398,1.8485,1.936,61275,71574
4/14/2015,1.805,1.8584,1.8036,1.836,65685,80276
4/13/2015,1.808,1.8418,1.7946,1.8046,60816,86150
4/10/2015,1.7677,1.817,1.7514,1.8073,62796,93504
4/9/2015,1.7499,1.7991,1.7385,1.7592,70020,100126
4/8/2015,1.831,1.834,1.7375,1.7392,90962,109132
4/7/2015,1.8423,1.8636,1.8154,1.8609,62464,112493
4/6/2015,1.7674,1.8492,1.7674,1.8425,53543,116088
4/2/2015,1.8221,1.8342,1.7345,1.7613,76028,120914
4/1/2015,1.7745,1.8429,1.7649,1.8312,66421,123578
3/31/2015,1.79528,1.7954,1.74676,1.772,51673,98626
3/30/2015,1.7945,1.80738,1.76556,1.79736,40011,77865
3/27/2015,1.87276,1.8744,1.78926,1.79752,37973,57670
3/26/2015,1.82564,1.90292,1.8229,1.88166,27912,40828
3/25/2015,1.8041,1.8518,1.7894,1.8365,25896,25567
3/24/2015,1.8036,1.8289,1.7871,1.7997,28438,31938
3/23/2015,1.7875,1.8088,1.7646,1.8039,23523,36347
3/20/2015,1.7661,1.801,1.7466,1.7978,19487,38780
3/19/2015,1.8035,1.8175,1.7521,1.7743,30063,42629
3/18/2015,1.7201,1.8207,1.7071,1.7991,47006,47480
3/17/2015,1.7271,1.735,1.6925,1.7301,39270,53770
3/16/2015,1.7503,1.7583,1.695,1.7286,45306,60642
3/13/2015,1.8032,1.8081,1.749,1.7623,44972,65370
3/12/2015,1.832,1.8694,1.7925,1.8095,64347,70382
3/11/2015,1.8095,1.8339,1.7969,1.8264,55364,75821
3/10/2015,1.8747,1.8795,1.8031,1.8183,60187,80574
3/9/2015,1.8796,1.9028,1.8613,1.8747,51733,86950
3/6/2015,1.8971,1.9099,1.8508,1.8819,52284,90690
3/5/2015,1.9222,1.9325,1.8597,1.8873,67022,92713
3/4/2015,1.9453,1.9453,1.8979,1.9257,60018,97760
3/3/2015,1.92,1.965,1.9124,1.9499,60055,100929
3/2/2015,1.9779,1.9779,1.8845,1.8973,64643,104816
2/27/2015,1.87718,1.95144,1.87198,1.93584,55446,86153
2/26/2015,1.85794,1.86142,1.8067,1.82352,49481,69355
2/25/2015,1.68988,1.81282,1.6796,1.79798,43349,53302
2/24/2015,1.68358,1.704,1.6434,1.66068,29526,40592
2/23/2015,1.6455,1.6677,1.6143,1.6462,27175,26712
2/20/2015,1.6158,1.6812,1.6048,1.6407,38513,30974
2/19/2015,1.5576,1.6188,1.5108,1.6162,37977,38188
2/18/2015,1.5823,1.5867,1.5415,1.5736,47983,47610
2/17/2015,1.6354,1.6577,1.57,1.5901,59103,54937
2/13/2015,1.5975,1.6367,1.5975,1.6262,63908,64605
2/12/2015,1.547,1.6047,1.5384,1.5955,70556,75854
2/11/2015,1.5606,1.5688,1.5142,1.5432,69645,88293
2/10/2015,1.5781,1.5893,1.5389,1.5523,56811,97694
2/9/2015,1.56,1.6064,1.553,1.5782,60137,108318
2/6/2015,1.537,1.5841,1.5245,1.5591,69560,117596
2/5/2015,1.4979,1.56,1.4646,1.5248,56980,121057
2/4/2015,1.5755,1.5935,1.4642,1.4817,67629,126173
2/3/2015,1.5507,1.626,1.5451,1.6013,69820,127867
2/2/2015,1.473,1.568,1.4501,1.5446,62563,130257
1/30/2015,1.3896,1.47518,1.36504,1.46608,48320,105536
1/29/2015,1.37238,1.386,1.3466,1.37626,36037,82629
1/28/2015,1.37612,1.39236,1.35422,1.3578,35280,61666
1/27/2015,1.3242,1.37074,1.30562,1.3569,22298,43576
1/26/2015,1.3469,1.357,1.3105,1.3167,24675,28517
1/23/2015,1.3312,1.3674,1.3312,1.3479,24178,33160
1/22/2015,1.3173,1.355,1.305,1.3308,29920,35811
1/21/2015,1.3134,1.3435,1.2988,1.3255,36529,43039
1/20/2015,1.3599,1.3688,1.31,1.3128,46789,49098
1/16/2015,1.2952,1.3634,1.2858,1.3588,61701,56279
1/15/2015,1.3545,1.4149,1.292,1.2994,70899,66464
1/14/2015,1.2638,1.3595,1.2436,1.3507,72888,70357
1/13/2015,1.275,1.2842,1.2265,1.2685,67870,74825
1/12/2015,1.3192,1.3273,1.2673,1.2745,64516,78425
1/9/2015,1.3413,1.3603,1.2936,1.3232,74171,86064
1/8/2015,1.3346,1.3529,1.3127,1.3409,74928,90827
1/7/2015,1.3451,1.3675,1.311,1.3376,62800,91902
1/6/2015,1.375,1.3989,1.3437,1.3543,70014,90924
1/5/2015,1.4403,1.4404,1.3615,1.3814,54383,92307
1/2/2015,1.4806,1.5072,1.4287,1.4334,52514,98045
